Year,Habitat,Voucher,Order,Genus,Species,Common.name
2018,Urban,Yes,Coleoptera,Aeoloderma,Aeoloderma brachmana,Beetle
2019,Grassland,Yes,Coleoptera,Aeoloderma,Aeoloderma brachmana,Click Beetle
2018,Urban,Yes,Coleoptera,Aeoloderma,Aeoloderma brachmana,Click Beetle
2018,Urban,Yes,Coleoptera,Aeoloderma,Aeoloderma brachmana,Click Beetle
2018,Urban,Yes,Coleoptera,Aeoloderma,Aeoloderma brachmana,
2021,Urban,Yes,Coleoptera,Aeoloderma,Aeoloderma Brachmana,
2020,Grassland,Yes,Coleoptera,Coccinella,Coccinella septempunctata,Lady Bug
2021,Grassland,No,Coleoptera,Coccinella,Coccinella septempunctata,Seven-spot ladybird
2020,Grassland,Yes,Coleoptera,Coccinella,Coccinella septempunctata,Seven-spotted Ladybug
2018,Grassland,Yes,Coleoptera,Coleomegilla,Coleomegilla maculata,Ladybug
2018,Urban,No,Coleoptera,Coleoptera,Coleoptera,Beetle
2020,Forest,No,Coleoptera,Conoderus,Conoderus lividus,Beetle
2020,Forest,No,Coleoptera,Conoderus,Conoderus lividus,Beetle
2018,Grassland,No,Coleoptera,Conoderus,Conoderus lividus,Beetle
2018,Forest,No,Coleoptera,Conoderus,Conoderus lividus,Beetles
2018,Forest,No,Coleoptera,Conoderus,Conoderus lividus,Click Beetle
2018,Forest,Yes,Coleoptera,Conoderus,Conoderus lividus,Click Beetle
2022,Forest,Yes,Coleoptera,Conoderus,Conoderus lividus,Click beetle
2018,Grassland,No,Coleoptera,Conoderus,Conoderus lividus,click beetle
2018,Grassland,No,Coleoptera,Conoderus,Conoderus lividus,click beetle
2018,Grassland,No,Coleoptera,Conoderus,Conoderus lividus,Click beetle
2018,Urban,No,Coleoptera,Conoderus,Conoderus lividus,Click Beetle
2018,Urban,No,Coleoptera,Conoderus,Conoderus lividus,Click beetle
2018,Urban,No,Coleoptera,Conoderus,Conoderus lividus,Click Beetle
2020,Urban,No,Coleoptera,Conoderus,Conoderus lividus,Click Beetle
2020,Urban,No,Coleoptera,Conoderus,Conoderus lividus,Click beetle
2021,Forest,No,Coleoptera,Conoderus,Conoderus lividus,Common Click Beetle
2021,Forest,No,Coleoptera,Conoderus,Conoderus lividus,Common Click Beetle
2021,Grassland,No,Coleoptera,Conoderus,Conoderus lividus,Common Click Beetle
2021,Grassland,No,Coleoptera,Conoderus,Conoderus lividus,Common Click Beetle
2021,Grassland,,Coleoptera,Conoderus,Conoderus lividus,Common Click Beetle
2021,Grassland,No,Coleoptera,Conoderus,Conoderus lividus,Common Click Beetle
2021,Grassland,No,Coleoptera,Conoderus,Conoderus lividus,Common Click Beetle
2021,Urban,No,Coleoptera,Conoderus,Conoderus lividus,Common Click Beetle
2018,Grassland,No,Coleoptera,Conoderus,Conoderus lividus,Conoderus lividus
2018,Grassland,No,Coleoptera,Conoderus,Conoderus lividus,
2020,Urban,No,Coleoptera,Conoderus,Conoderus lividus,
2019,Grassland,Yes,Coleoptera,Cycloneda,Cycloneda munda,Ladybeetle
2021,Forest,No,Coleoptera,Harmonia,Harmonia axyridis,Asian Lady Beetle
2021,Grassland,No,Coleoptera,Harmonia,Harmonia axyridis,Asian Lady Beetle
2021,Grassland,No,Coleoptera,Harmonia,Harmonia axyridis,Asian Lady Beetle
2020,Urban,No,Coleoptera,Harmonia,Harmonia axyridis,Lady Bug
2020,Grassland,Yes,Coleoptera,Hemicrepidius,Hemicrepidius bilobatus,Beetle
2020,Forest,Yes,Coleoptera,Hemicrepidius,Hemicrepidius bilobatus,Click Beetle
2018,Forest,No,Coleoptera,Heteroderes,Heteroderes amplicollis,Gulf Wireworm
2018,Grassland,Yes,Coleoptera,Heteroderes,Heteroderes amplicollis,Gulf Worm
2021,Grassland,Yes,Coleoptera,Hippodamia,Hippodamia parenthesis,Lady beetle
2021,Grassland,Yes,Coleoptera,Hippodamia,Hippodamia parenthesis,lady bug
2020,Grassland,Yes,Coleoptera,Hippodamia,Hippodamia parenthesis,Ladybug
2020,Grassland,Yes,Coleoptera,Hippodamia,Hippodamia parenthesis,Parenthesis Lady Beetle
2018,Grassland,Yes,Coleoptera,Hippodamia,Hippodamia variegata,Variegated Lady Beetle
2021,Forest,Yes,Coleoptera,Ochthebius,Ochthebius himalayae,Minute Moss Beetle
2020,Forest,Yes,Coleoptera,Paria,Paria fragariae,strawberry rootworm
2020,Forest,No,Coleoptera,Photinus,Photinus pyralis,big dipper firefly
2018,Urban,No,Coleoptera,Photinus,Photinus pyralis,Big Dipper Firefly
2021,Urban,No,Coleoptera,Photinus,Photinus pyralis,Big Dipper FireFly
2018,Forest,No,Coleoptera,Photinus,Photinus pyralis,Common Eastern Firefly
2018,Grassland,No,Coleoptera,Photinus,Photinus pyralis,Common eastern firefly
2018,Grassland,No,Coleoptera,Photinus,Photinus pyralis,Common eastern firefly
2018,Grassland,No,Coleoptera,Photinus,Photinus pyralis,Common eastern firefly
2018,Grassland,No,Coleoptera,Photinus,Photinus pyralis,common eastern firefly
2018,Grassland,No,Coleoptera,Photinus,Photinus pyralis,Common eastern firefly
2018,Grassland,No,Coleoptera,Photinus,Photinus pyralis,common eastern firefly
2018,Grassland,Yes,Coleoptera,Photinus,Photinus pyralis,Common Eastern Firefly
2018,Urban,No,Coleoptera,Photinus,Photinus pyralis,Common eastern firefly
2018,Urban,No,Coleoptera,Photinus,Photinus pyralis,Common Eastern Firefly
2018,Urban,No,Coleoptera,Photinus,Photinus pyralis,common eastern firefly
2018,Urban,No,Coleoptera,Photinus,Photinus pyralis,Common Eastern Firefly
2018,Urban,No,Coleoptera,Photinus,Photinus pyralis,Common Eastern Firefly
2018,Urban,No,Coleoptera,Photinus,Photinus pyralis,Common eastern firefly
2018,Urban,No,Coleoptera,Photinus,Photinus pyralis,Common Eastern Firefly
2020,Urban,No,Coleoptera,Photinus,Photinus pyralis,Common Eastern Firefly
2020,Urban,No,Coleoptera,Photinus,Photinus pyralis,Common eastern firefly
2018,Forest,No,Coleoptera,Photinus,Photinus pyralis,common eastern firefly/big dipper firefly
2018,Urban,No,Coleoptera,Photinus,Photinus pyralis,Eastern firefly
2018,Urban,No,Coleoptera,Photinus,Photinus pyralis,Eastern Firefly
2018,Urban,Yes,Coleoptera,Photinus,Photinus pyralis,Eastern firefly
2018,Grassland,NA,Coleoptera,Photinus,Photinus pyralis,Firefly
2018,Grassland,No,Coleoptera,Photinus,Photinus pyralis,Firefly
2018,Grassland,No,Coleoptera,Photinus,Photinus pyralis,Firefly
2018,Grassland,No,Coleoptera,Photinus,Photinus pyralis,Firefly
2018,Grassland,Yes,Coleoptera,Photinus,Photinus pyralis,Firefly
2020,Grassland,Yes,Coleoptera,Photinus,Photinus pyralis,firefly
2018,Urban,No,Coleoptera,Photinus,Photinus pyralis,firefly
2020,Grassland,No,Coleoptera,Photinus,Photinus pyralis,lighting bug
2018,Urban,No,Coleoptera,Photinus,Photinus pyralis,lightning bug
2020,Urban,NA,Coleoptera,Photinus,Photinus pyralis,Lightning Bug
2018,Grassland,Yes,Coleoptera,Photinus,Photinus pyralis,North American Firefly
2018,Urban,Yes,Coleoptera,Psyllobora,Psyllobora vigintimaculata,Twenty-Spotted Lady beetle
2018,Grassland,Yes,Coleoptera,Staphylinidae,Staphylinidae,beetle
2018,Grassland,Yes,Coleoptera,Staphylinidae,Staphylinidae,rove beetle
2018,Grassland,Yes,Coleoptera,Tetraopes,Tetraopes tetrophthalmus,Red milkweed beetle
2021,Forest,No,Coleoptera,Trigonospartus,Trigonospartus rufidorsum,Beetle
2021,Forest,No,Coleoptera,Trigonospartus,Trigonospartus rufidorsum,Weevil
2021,Forest,Yes,Dermaptera,Forficula,Forficula auricularia,European earwig
2019,Forest,Yes,Diptera,Amblypsilopus,Amblypsilopus scintillans,
2018,Forest,No,Diptera,Anopheles,Anopheles guarani,Mosquito [A. guarani is Neotropical - not known from N.A.]
2019,Grassland,Yes,Diptera,Archytas,Archytas nivalis,Fly
2020,Urban,Yes,Diptera,Bittacidae,Bittacidae,scorpionfly
2019,Urban,Yes,Diptera,Blaesoxipha,Blaesoxipha sp.,Grasshopper Maggot
2019,Forest,No,Diptera,Boettcheria,Boettcheria bisetosa,Flesh fly
2018,Urban,Yes,Diptera,Boettcheria,Boettcheria cimbicis,Flesh fly
2018,Urban,Yes,Diptera,Boettcheria,Boettcheria cimbicis,Flesh fly
2018,Urban,No,Diptera,Boettcheria,Boettcheria latisterna,Flesh Fly
2019,Urban,Yes,Diptera,Boettcheria,Boettcheria cimbicis,Flesh Fly
2019,Urban,Yes,Diptera,Boettcheria,Boettcheria cimbicis,Flesh Fly
2019,Urban,Yes,Diptera,Boettcheria,Boettcheria sp.,Flesh fly
2020,Urban,Yes,Diptera,Boettcheria,Boettcheria cimbicis,Flesh fly
2020,Urban,Yes,Diptera,Boettcheria,Boettcheria cimbicis,Flesh Fly
2021,Urban,Yes,Diptera,Boettcheria,Boettcheria cimbicis,Flesh fly
2022,Urban,Yes,Diptera,Boettcheria,Boettcheria cimbicis,Flesh Fly
2020,Urban,Yes,Diptera,Boettcheria,Boettcheria cimbicis,house fly
2022,Urban,Yes,Diptera,Boettcheria,Boettcheria cimbicis,House Fly
2018,Urban,Yes,Diptera,Brachicoma,Brachicoma devia,Fly
2019,Urban,Yes,Diptera,Carcelia,Carcelia formosa,Fly
2018,Urban,Yes,Diptera,Cecidomyiidae,Cecidomyiidae,Fly
2018,Urban,Yes,Diptera,Cecidomyiidae,Cecidomyiidae,gall midges/ gall gnats
2019,Urban,Yes,Diptera,Cecidomyiidae,Cecidomyiidae,Gall midges/gall gnats (flies)
2022,Grassland,Yes,Diptera,Cecidomyiidae,Cecidomyiidae sp.,Gnat
2018,Urban,Yes,Diptera,Cerodontha,Cerodontha dorsalis,grass sheathminer
2018,Forest,Yes,Diptera,Chalarus,Chalarus latifrons,Big-headed fly
2022,Forest,Yes,Diptera,Chalarus,Chalarus spurius,Fly
2022,Grassland,No,Diptera,Chironomidae,Chironomidae Chironomus,Non-biting midge
2021,Urban,No,Diptera,Chironomidae,Chironomidae sp.,Non-Biting Midge
2018,Urban,Yes,Diptera,Chironomus,Chironomus plumosus,Buzzer Midge
2018,Urban,Yes,Diptera,Chrysomya,Chrysomya chani,Blow Fly
2019,Urban,Yes,Diptera,Chrysomya,Chrysomya chani,Green-bottle fly
2021,Urban,Yes,Diptera,Chrysopilus,Chrysopilus sp.,Snipe Fly
2022,Urban,Yes,Diptera,Chrysopilus,Chrysopilus sp.,Snipe Fly
2022,Urban,Yes,Diptera,Chrysopilus,Chrysopilus,Snipe fly
2019,Urban,Yes,Diptera,Coenosia,Coenosia tigrina,"""Hunter flies"""
2020,Forest,Yes,Diptera,Coenosia,Coenosia tigrina,Fly
2019,Urban,Yes,Diptera,Coenosia,Coenosia tigrina,Fly
2019,Urban,Yes,Diptera,Coenosia,Coenosia tigrina,fly
2019,Urban,Yes,Diptera,Coenosia,Coenosia tigrina,Fly
2019,Urban,Yes,Diptera,Coenosia,Coenosia tigrina,fly
2019,Urban,Yes,Diptera,Coenosia,Coenosia tigrina,Fly
2020,Urban,Yes,Diptera,Coenosia,Coenosia tigrina,Fly
2020,Urban,Yes,Diptera,Coenosia,Coenosia tigrina,Fly
2020,Urban,Yes,Diptera,Coenosia,Coenosia tigrina,Fly
2022,Urban,Yes,Diptera,Coenosia,Coenosia tigrina,Fly
2022,Urban,Yes,Diptera,Coenosia,Coenosia tigrina,fly
2019,Urban,Yes,Diptera,Coenosia,Coenosia tigrina,Fly (hunter)
2019,Urban,Yes,Diptera,Coenosia,Coenosia tigrina,House fly
2020,Urban,NA,Diptera,Coenosia,Coenosia tigrina,House Fly
2020,Urban,Yes,Diptera,Coenosia,Coenosia tigrina,House Fly
2022,Urban,Yes,Diptera,Coenosia,Coenosia tigrina,House fly
2019,Urban,Yes,Diptera,Coenosia,Coenosia tigrina,Hunter Flies
2020,Urban,Yes,Diptera,Coenosia,Coenosia tigrina,Hunter Flies
2019,Urban,Yes,Diptera,Coenosia,Coenosia tigrina,Hunter Flies or Killer Flies
2019,Urban,Yes,Diptera,Coenosia,Coenosia tigrina,Hunter flies/Killer flies
2018,Grassland,Yes,Diptera,Coenosia,Coenosia tigrina,hunter fly
2018,Urban,Yes,Diptera,Coenosia,Coenosia tigrina,Hunter Fly
2018,Urban,Yes,Diptera,Coenosia,Coenosia tigrina,Hunter Fly
2018,Urban,Yes,Diptera,Coenosia,Coenosia tigrina,Hunter fly
2019,Urban,Yes,Diptera,Coenosia,Coenosia tigrina,Hunter fly
2019,Urban,Yes,Diptera,Coenosia,Coenosia tigrina,Hunter Fly
2019,Urban,Yes,Diptera,Coenosia,Coenosia tigrina,Hunter Fly
2019,Urban,Yes,Diptera,Coenosia,Coenosia tigrina,Hunter Fly
2021,Urban,Yes,Diptera,Coenosia,Coenosia tigrina,Hunter Fly
2019,Grassland,Yes,Diptera,Coenosia,Coenosia tigrina,Hunter fly / killer fly
2019,Urban,Yes,Diptera,Coenosia,Coenosia tigrina,hunter fly or killer fly
2019,Urban,Yes,Diptera,Coenosia,Coenosia tigrina,Hunter/Killer Fly
2019,Urban,Yes,Diptera,Coenosia,Coenosia tigrina,killer fly
2020,Urban,Yes,Diptera,Coenosia,Coenosia tigrina,Killer Fly
2020,Urban,Yes,Diptera,Coenosia,Coenosia tigrina,killer fly
2020,Urban,Yes,Diptera,Coenosia,Coenosia tigrina,muscid fly
2021,Urban,Yes,Diptera,Coenosia,Coenosia tigrina,Predator Fly
2018,Urban,Yes,Diptera,Coenosia,Coenosia tigrina,Tiger Flies
2019,Urban,Yes,Diptera,Coenosia,Coenosia tigrina,Tiger flies
2019,Urban,Yes,Diptera,Coenosia,Coenosia tigrina,Tiger Flies
2020,Grassland,Yes,Diptera,Coenosia,Coenosia tigrina,Tiger Fly
2018,Urban,Yes,Diptera,Coenosia,Coenosia tigrina,Tiger Fly
2018,Urban,Yes,Diptera,Coenosia,Coenosia tigrina,Tiger fly
2019,Urban,Yes,Diptera,Coenosia,Coenosia tigrina,Tiger Fly
2019,Urban,Yes,Diptera,Coenosia,Coenosia tigrina,Tiger Fly
2020,Urban,Yes,Diptera,Coenosia,Coenosia tigrina,Tiger fly
2021,Urban,Yes,Diptera,Coenosia,Coenosia tigrina,Tiger Fly
2022,Urban,Yes,Diptera,Coenosia,Coenosia tigrina,Tiger Fly
2022,Urban,Yes,Diptera,Coenosia,Coenosia tigrina,tiger fly
2022,Urban,Yes,Diptera,Coenosia,Coenosia tigrina,Tiger fly
2022,Urban,Yes,Diptera,Coenosia,Coenosia tigrina,Tiger fly
2022,Urban,Yes,Diptera,Coenosia,coenosia tigrina,tiger fly
2022,Urban,Yes,Diptera,Coenosia,Coenosia tigrina,Tiger Fly
2022,Urban,Yes,Diptera,Coenosia,Coenosia tigrina,Tiger fly
2022,Urban,Yes,Diptera,Coenosia,Coenosia Tigrina,Tiger Fly
2022,Urban,Yes,Diptera,Coenosia,Coenosia Tigrina,Tiger Fly
2022,Urban,Yes,Diptera,Coenosia,Coenosia tigrina,Tiger Fly
2019,Urban,Yes,Diptera,Coenosia,Coenosia tigrina,Tiger Fly ?
2022,Urban,Yes,Diptera,Coenosia,Coenosia tigrina,Tiger fly or house fly
2018,Urban,Yes,Diptera,Coenosia,Coenosia tigrina,"Tiger fly, Hunter fly, Killer fly"
2020,Forest,No,Diptera,Compsilura,Compsilura concinnata,Tachinid fly
2019,Urban,Yes,Diptera,Compsilura,Compsilura concinnata,Tachinid Fly
2018,Grassland,No,Diptera,Condylostylus,Condylostylus sp.,Long Legged Fly
2018,Grassland,No,Diptera,Condylostylus,Condylostylus longicornis,Long-Legged Fly
2018,Grassland,Yes,Diptera,Condylostylus,Condylostylus sp.,Long-Legged Fly
2018,Grassland,Yes,Diptera,Condylostylus,Condylostylus sp.,Long-legged fly
2018,Grassland,No,Diptera,Condylostylus,Condylostylus sp.,
2018,Forest,Yes,Diptera,Condylostylus,Condylostylus longicornis,Small Metallic Fly
2019,Urban,Yes,Diptera,Cryptochironomus,Cryptochironomus fulvus,
2018,Grassland,Yes,Diptera,Dacus,Dacus mulgens,fruit fly
2018,Urban,Yes,Diptera,Delia,Delia platura,Bean seed fly
2018,Urban,Yes,Diptera,Delphinia,Delphinia picta,picture-wing fly
2020,Grassland,Yes,Diptera,Delphinia,Delphinia picta,picture-winged fly
2018,Urban,Yes,Diptera,Delphinia,Delphinia picta,picture-winged fly
2018,Urban,Yes,Diptera,Delphinia,Delphinia picta,Picture-winged fly
2020,Urban,Yes,Diptera,Delphinia,Delphinia picta,Picture-winged fly
2020,Urban,Yes,Diptera,Delphinia,Delphinia picta,Picture-winged fly
2018,Forest,Yes,Diptera,Dicranomyia,Dicranomyia sp.,Crane Fly
2018,Forest,Yes,Diptera,Dicranomyia,Dicranomyia sp.,Crane Fly
2018,Forest,Yes,Diptera,Dicranomyia,Dicranomyia sp.,Crane Fly
2021,Urban,Yes,Diptera,Diogmites,Diogmites neoternatus,hanging thief robber fly
2018,Urban,Yes,Diptera,Diogmites,Diogmites neoternatus,Robber Fly
2022,Urban,Yes,Diptera,Diogmites,Diogmites neoternatus,Robber fly
2020,Forest,Yes,Diptera,Dolichopodidae,Dolichopodidae,common fly
2019,Grassland,No,Diptera,Dolichopodidae,Dolichopodidae,long legged fly
2018,Forest,Yes,Diptera,Dolichopodidae,Dolichopodidae,Long- legged fly
2022,Forest,Yes,Diptera,Dolichopodidae,Dolichopodidae,Long-Legged Flies
2020,Grassland,Yes,Diptera,Dolichopodidae,Dolichopodidae,Long-legged flies
2018,Forest,Yes,Diptera,Dolichopodidae,Dolichopodidae,Long-legged fly
2020,Grassland,Yes,Diptera,Dolichopodidae,Dolichopodidae,Long-legged Fly
2022,Grassland,Yes,Diptera,Dolichopodidae,Dolichopodidae,Long-legged fly
2018,Grassland,Yes,Diptera,Dolichopus,Dolichopus sp.,Long Legged Fly
2018,Forest,No,Diptera,Drosophila,Drosophila bocki,Common Fruit Fly
2018,Forest,No,Diptera,Drosophila,Drosophila bocki,Common Fruit Fly
2018,Forest,NA,Diptera,Drosophila,Drosophila tani,Common Fruit Fly
2018,Urban,No,Diptera,Drosophila,Drosophila melanogaster,Common fruit fly
2019,Forest,No,Diptera,Drosophila,Drosophila bocki,Fly
2018,Forest,No,Diptera,Drosophila,Drosophila bocki,Fruit Fly
2018,Forest,No,Diptera,Drosophila,Drosophila jambulina,fruit fly
2018,Urban,No,Diptera,Drosophila,Drosophila tripunctata,fruit fly
2018,Forest,NA,Diptera,Drosophila,Drosophila bocki,Vinegar Fly
2018,Forest,NA,Diptera,Drosophila,Drosophila bocki,Vinegar Fly
2018,Urban,No,Diptera,Drosophila,Drosophila tripunctata,vinegar fly
2020,Grassland,Yes,Diptera,Efferia,Efferia aestuans,Efferia aestuans (robber flies?)
2021,Forest,Yes,Diptera,Efferia,Efferia aestuans,Robber Fly
2020,Grassland,Yes,Diptera,Efferia,Efferia aestuans,Robber Fly
2020,Grassland,Yes,Diptera,Efferia,Efferia aestuans,Robber Fly
2021,Grassland,Yes,Diptera,Efferia,Efferia aestuans,Robber Fly
2021,Grassland,Yes,Diptera,Efferia,Efferia aestuans,Robber Fly
2021,Grassland,Yes,Diptera,Efferia,Efferia aestuans,Robber Fly
2021,Grassland,Yes,Diptera,Efferia,Efferia aestuans,Robber Fly
2021,Grassland,Yes,Diptera,Efferia,Efferia aestuans,Robber Fly
2021,Grassland,Yes,Diptera,Efferia,Efferia aestuans,Robber Fly
2021,Urban,Yes,Diptera,Efferia,Efferia Aestuans,Robber Fly
2019,Forest,No,Diptera,Emmesomyia,Emmesomyia grisea,Root maggot fly
2022,Grassland,Yes,Diptera,Eudasyphora,Eudasyphora cyanicolor,Fly
2019,Forest,Yes,Diptera,Eupeodes,Eupeodes americanus,American Hoverfly
2018,Urban,Yes,Diptera,Eupeodes,Eupeodes americanus,American Hover Fly
2019,Urban,Yes,Diptera,Eupeodes,Eupeodes americanus,American Hover fly
2019,Urban,Yes,Diptera,Eupeodes,Eupeodes americanus,American Hover Fly
2022,Urban,Yes,Diptera,Eupeodes,Eupeodes americanus,American hover fly
2018,Urban,Yes,Diptera,Eupeodes,Eupeodes americanus,American Hover-fly
2018,Forest,Yes,Diptera,Eupeodes,Eupeodes americanus,American hoverfly
2022,Forest,Yes,Diptera,Eupeodes,Eupeodes americanus,American Hoverfly
2022,Grassland,Yes,Diptera,Eupeodes,Eupeodes Americanus,American Hoverfly
2018,Urban,Yes,Diptera,Eupeodes,Eupeodes americanus,American Hoverfly
2019,Urban,Yes,Diptera,Eupeodes,Eupeodes americanus,American Hoverfly
2021,Urban,Yes,Diptera,Eupeodes,Eupeodes americanus,American hoverfly
2022,Urban,Yes,Diptera,Eupeodes,Eupeodes americanus,American hoverfly
2019,Urban,Yes,Diptera,Eupeodes,Eupeodes sp.,Hover fly
2019,Forest,Yes,Diptera,Eupeodes,Eupeodes americanus,hoverfly
2019,Forest,Yes,Diptera,Eupeodes,Eupeodes rojasi,Hoverfly
2021,Grassland,Yes,Diptera,Eupeodes,Eupeodes rojasi,Hoverfly
2019,Urban,Yes,Diptera,Eupeodes,Eupeodes americanus,Hoverfly
2019,Urban,Yes,Diptera,Eupeodes,Eupeodes latifasciatus,overfly
2021,Urban,Yes,Diptera,Eutrichota,Eutrichota lipsia,Root Maggot Fly
2019,Urban,Yes,Diptera,Exorista,Exorista larvarum,Parasitic Fly
2018,Urban,Yes,Diptera,Fannia,Fannia canicularis,Lesser House Fly
2018,Forest,NA,Diptera,Hebecnema,Hebecnema umbratica,Fly
2019,Urban,Yes,Diptera,Helicobia,Helicobia rapax,Flesh Fly
2018,Forest,Yes,Diptera,Helius,Helius flavipes,Crane fly
2018,Forest,Yes,Diptera,Hybomitra,Hybomitra sp.,Horse Fly
2020,Urban,Yes,Diptera,Limnophora,Limnophora narona,Fly
2020,Urban,Yes,Diptera,Limnophora,Limnophora narona,
2018,Forest,Yes,Diptera,Limonia,Limonia novaeangliae,Crane Fly
2018,Urban,Yes,Diptera,Lonchaea,Lonchaea sp.,Lance Fly
2021,Urban,No,Diptera,Lucilia,Lucilia coeruleiviridis,Blue green bottle fly
2018,Urban,No,Diptera,Lucilia,Lucilia coeruleiviridis,Blue-green Bottle Fly
2018,Forest,No,Diptera,Lucilia,Lucilia coeruleiviridis,Bottle Fly
2020,Urban,No,Diptera,Lucilia,Lucilia coeruleiviridis,Bottle Fly
2020,Forest,No,Diptera,Lucilia,Lucilia sericata,Common Green Bottle Fly
2018,Urban,No,Diptera,Lucilia,Lucilia sericata,Common green bottle fly
2018,Urban,No,Diptera,Lucilia,Lucilia sericata,Common green bottle fly
2018,Urban,No,Diptera,Lucilia,Lucilia sericata,Common green bottle fly
2018,Urban,No,Diptera,Lucilia,Lucilia sericata,Common Green Bottle Fly
2018,Urban,Yes,Diptera,Lucilia,Lucilia sericata,Common green bottle fly
2021,Urban,No,Diptera,Lucilia,Lucilia sericata,Common Green Bottle Fly
2021,Urban,No,Diptera,Lucilia,Lucilia sericata,Common Green Bottle Fly
2021,Urban,,Diptera,Lucilia,Lucilia sericata,Common Green Bottle Fly
2020,Urban,No,Diptera,Lucilia,Lucilia coeruleiviridis,fly
2018,Grassland,NA,Diptera,Lucilia,Lucilia mexicana,Green Bottle Blow Fly
2019,Grassland,No,Diptera,Lucilia,Lucilia mexicana,Green Bottle Blow Fly
2018,Forest,No,Diptera,Lucilia,Lucilia coeruleiviridis,green bottle fly
2020,Forest,No,Diptera,Lucilia,Lucilia coeruleiviridis,Green Bottle Fly
2018,Grassland,No,Diptera,Lucilia,Lucilia coeruleiviridis,green bottle fly
2018,Grassland,No,Diptera,Lucilia,Lucilia coeruleiviridis,Green bottle fly
2018,Grassland,No,Diptera,Lucilia,Lucilia coeruleiviridis,Green Bottle Fly
2018,Grassland,Yes,Diptera,Lucilia,Lucilia coeruleiviridis,Green Bottle Fly
2019,Grassland,No,Diptera,Lucilia,Lucilia coeruleiviridis,Green Bottle Fly
2020,Grassland,No,Diptera,Lucilia,Lucilia coeruleiviridis,Green Bottle Fly
2020,Grassland,No,Diptera,Lucilia,Lucilia mexicana,green bottle fly
2021,Grassland,Yes,Diptera,Lucilia,Lucilia coeruleiviridis,Green Bottle Fly
2021,Grassland,No,Diptera,Lucilia,Lucilia coeruleiviridis,Green bottle fly
2018,Urban,No,Diptera,Lucilia,Lucilia coeruleiviridis,Green bottle fly
2018,Urban,No,Diptera,Lucilia,Lucilia coeruleiviridis,green bottle fly
2018,Urban,No,Diptera,Lucilia,Lucilia coeruleiviridis,Green bottle fly
2018,Urban,No,Diptera,Lucilia,Lucilia coeruleiviridis,Green Bottle Fly
2018,Urban,No,Diptera,Lucilia,Lucilia coeruleiviridis,Green Bottle Fly
2020,Urban,No,Diptera,Lucilia,Lucilia coeruleiviridis,Green Bottle Fly
2020,Urban,Yes,Diptera,Lucilia,Lucilia coeruleiviridis,Green Bottle Fly
2021,Urban,No,Diptera,Lucilia,Lucilia coeruleiviridis,Green Bottle Fly
2020,Forest,NA,Diptera,Lucilla,Lucilla coeruleivitidis,Green blowfly
2021,Forest,Yes,Diptera,Metalimnobia,Metalimnobia triocellata,Crane Fly
2022,Forest,Yes,Diptera,Metalimnobia,Metalimnobia immatura,Crane Fly
2018,Urban,Yes,Diptera,Microchrysa,Microchrysa polita,Black-horned gem
2018,Urban,Yes,Diptera,Microchrysa,Microchrysa polita,Black-horned gem
2019,Urban,Yes,Diptera,Muscina,Muscina pascuorum,House Fly
2019,Urban,Yes,Diptera,Muscina,Muscina pascuorum,House Fly
2019,Urban,Yes,Diptera,Muscina,Muscina pascuorum,House fly
2018,Forest,Yes,Diptera,NA,NA,Fly
2021,Grassland,Yes,Diptera,NA,NA,Long legged fly
2020,Forest,NA,Diptera,Nephrotoma,Nephrotoma altera,Crane Fly
2018,Grassland,Yes,Diptera,Nephrotoma,Nephrotoma sp.,Crane Fly
2019,Grassland,Yes,Diptera,Nephrotoma,Nephrotoma ferruginea,Crane fly
2020,Grassland,Yes,Diptera,Nephrotoma,Nephrotoma ferruginea,Crane Fly
2020,Urban,Yes,Diptera,Nephrotoma,Nephrotoma ferruginea,Crane Fly
2020,Urban,Yes,Diptera,Nephrotoma,Nephrotoma ferruginea,Crane Fly
2020,Grassland,Yes,Diptera,Nephrotoma,Nephrotoma tenuis,Cranefly
2018,Grassland,Yes,Diptera,Nephrotoma,Nephrotoma tenuis,Green Crane Fly
2021,Forest,Yes,Diptera,Nephrotoma,Nephrotoma macrocera,Large Crane Fly
2019,Grassland,Yes,Diptera,Nephrotoma,Nephrotoma ferruginea,Large Crane Fly
2022,Grassland,Yes,Diptera,Nephrotoma,Nephrotoma ferruginea,large crane fly
2019,Urban,Yes,Diptera,Nephrotoma,Nephrotoma ferruginea,Large crane fly
2019,Urban,Yes,Diptera,Nephrotoma,Nephrotoma ferruginea,Large crane fly
2021,Urban,Yes,Diptera,Nephrotoma,Nephrotoma ferruginea,large crane fly
2019,Grassland,Yes,Diptera,Nephrotoma,Nephrotoma ferruginea,Large tiger crane fly
2018,Forest,Yes,Diptera,Nephrotoma,Nephrotoma eucera,Tiger Crane Fly
2019,Forest,Yes,Diptera,Nephrotoma,Nephrotoma eucera,tiger crane fly
2019,Grassland,Yes,Diptera,Nephrotoma,Nephrotoma ferruginea,Tiger Crane Fly
2022,Grassland,Yes,Diptera,Nephrotoma,Nephrotoma ferruginea,Tiger Crane Fly
2019,Forest,Yes,Diptera,Oxysarcodexia,Oxysarcodexia cingarus,Flesh fly
2018,Forest,Yes,Diptera,Oxysarcodexia,Oxysarcodexia cingarus,
2020,Forest,Yes,Diptera,Phaonia,Phaonia fuscana,
2022,Urban,No,Diptera,Pollenia,Pollenia Angustigena,Cluster Fly
2021,Urban,No,Diptera,Pollenia,Pollenia rudis,Common Cluster Fly
2018,Grassland,Yes,Diptera,Polypedilum,Polypedilum sp.,flies
2018,Urban,Yes,Diptera,Polypedilum,Polypedilum sp.,midge
2018,Urban,Yes,Diptera,Polypedilum,Polypedilum sp.,Non-biting midge
2019,Grassland,Yes,Diptera,Psilidae,Psilidae,Rust Fly
2021,Forest,Yes,Diptera,Psilonyx,Psilonyx annulatus,Assassin Flies
2020,Forest,Yes,Diptera,Psilonyx,Psilonyx annulatus,
2021,Urban,No,Diptera,Psorophora,Psorophora howardii,Mosquito
2019,Forest,Yes,Diptera,Ptilodexia,Ptilodexia conjuncta,Bristle Fly
2021,Forest,Yes,Diptera,Ptilodexia,Ptilodexia conjuncta,
2020,Urban,Yes,Diptera,Rhagoletis,Rhagoletis suavis,Walnut Husk Fly
2018,Forest,No,Diptera,Rhipidia,Rhipidia domestica,Crane Fly
2019,Forest,No,Diptera,Rhipidia,Rhipidia chenwenyoungi,crane fly
2018,Grassland,No,Diptera,Rhipidia,Rhipidia domestica,Crane Fly
2018,Urban,Yes,Diptera,Rivellia,Rivellia steyskali,Fly
2018,Urban,Yes,Diptera,Rivellia,Rivellia steyskali,signal fly
2019,Urban,Yes,Diptera,Rivellia,Rivellia steyskali,Signal fly
2019,Urban,Yes,Diptera,Rivellia,Rivellia steyskali,Signal Fly
2018,Urban,Yes,Diptera,Rivellia,Rivellia steyskali,
2019,Grassland,Yes,Diptera,Sarcophaga,Sarcophaga subvicina,Flesh fly
2021,Forest,Yes,Diptera,Sarcophaga,Sarcophaga baranaffi,Common Flesh Fly
2020,Forest,Yes,Diptera,Sarcophaga,Sarcophaga subvicina,flesh fly
2021,Forest,Yes,Diptera,Sarcophaga,Sarcophaga subvicina,flesh fly
2021,Forest,Yes,Diptera,Sarcophaga,Sarcophaga subvicina,flesh fly
2018,Grassland,Yes,Diptera,Sarcophaga,Sarcophaga sp.,Flesh Fly
2021,Grassland,Yes,Diptera,Sarcophaga,Sarcophaga subvicina,flesh fly
2018,Forest,Yes,Diptera,Sarcophaga,Sarcophaga subvicina,Flesh Fly [S. subvicina is Palearctic - not known from N.A.]
2018,Urban,Yes,Diptera,Sarcophaga,Sarcophaga subvicina,Flesh Fly [S. subvicina is Palearctic - not known from N.A.]
2020,Forest,Yes,Diptera,Sarcophaga,Sarcophaga baranoffi,Flesh-fly
2020,Forest,Yes,Diptera,Sarcophaga,Sarcophaga subvicina,Flies
2020,Forest,Yes,Diptera,Sarcophaga,Sarcophaga subvicina,Flies
2019,Forest,Yes,Diptera,Sarcophaga,Sarcophaga baranoffi,Fly
2020,Grassland,Yes,Diptera,Sarcophaga,Sarcophaga subvicina,Fly
2020,Forest,Yes,Diptera,Sarcophaga,Sarcophaga subvicina,
2019,Urban,Yes,Diptera,Scaptomyza,Scaptomyza pallida,fruit fly
2018,Urban,Yes,Diptera,Sciara,Sciara kitakamiensis,Fungus Gnat
2018,Grassland,Yes,Diptera,Sciara,Sciara sp.,Gnat
2018,Urban,Yes,Diptera,Sciara,Sciara humeralis,gnat
2018,Urban,Yes,Diptera,Sciaridae,Sciaridae,dark-winged fungus gnat
2020,Urban,Yes,Diptera,Solva,Solva sp.,Stiletto flies
2018,Forest,Yes,Diptera,Suillia,Suillia quinquepunctata,
2018,Forest,Yes,Diptera,Syrphus,Syrphus rectus,Hoverfly
2020,Forest,Yes,Diptera,Tabanidae,Tabanidae sp. BOLD:AAG4568,horse fly
2021,Forest,Yes,Diptera,Tabanidae ,Tabanidae ,Horse fly
2019,Forest,Yes,Diptera,Tabanus,Tabanus atratus,Black Horse Fly
2018,Forest,Yes,Diptera,Tabanus,Tabanus symmetrus,Horse fly
2020,Forest,Yes,Diptera,Tabanus,Tabanus fraternus,horse fly
2020,Forest,Yes,Diptera,Tabanus,Tabanus superjumentarius,Horse fly
2021,Forest,Yes,Diptera,Tabanus,Tabanus fraternus,Horse Fly
2021,Urban,Yes,Diptera,Tabanus,Tabanus subsimilis,Horse Fly
2018,Forest,Yes,Diptera,Tachinidae,Tachinidae,Flesh Fly
2019,Forest,Yes,Diptera,Tachinidae,Tachinidae,
2019,Urban,Yes,Diptera,Tanytarsus,Tanytarsus mendax,non-biting midges
2018,Grassland,Yes,Diptera,Taxomerus,Taxomerus politus,hoverfly
2022,Grassland,Yes,Diptera,Thaumatomyia,Thaumatomyia,Grass fly
2022,Forest,Yes,Diptera,Thelaira,Thelaira americana,bristle fly
2018,Forest,Yes,Diptera,Therevidae,Therevidae,Fly
2018,Forest,Yes,Diptera,Therevidae,Therevidae,Fly (some type--species was not listed)
2022,Urban,Yes,Diptera,Tipula,Tipula Oleracea,Common Crane Fly
2021,Grassland,Yes,Diptera,Tipula,Tipula triplex,Cranefly
2021,Grassland,Yes,Diptera,Tipula,Tipula paludosa,Cranefly
2021,Urban,Yes,Diptera,Tipula,Tipula kennicotti,Cranefly
2021,Urban,Yes,Diptera,Tipula,Tipula kennicotti,Cranefly
2022,Urban,Yes,Diptera,Tipula,Tipula kennicotti,Flies
2019,Grassland,Yes,Diptera,Tipula,Tipula sayi,Large Crane fly
2019,Urban,Yes,Diptera,Tipula,Tipula oleracea,leather jacket
2018,Grassland,Yes,Diptera,Tipula,Tipula oleracea,Marsh Crane Fly
2018,Urban,Yes,Diptera,Tipula,Tipula oleracea,Marsh crane fly
2019,Urban,Yes,Diptera,Tipula,Tipula oleracea,Marsh crane fly
2019,Urban,Yes,Diptera,Tipula,Tipula oleracea,Marsh Crane Fly
2019,Urban,Yes,Diptera,Tipula,Tipula oleracea,Marsh Crane Fly
2019,Urban,Yes,Diptera,Tipula,Tipula oleracea,Marsh Crane Fly
2019,Urban,Yes,Diptera,Tipula,Tipula oleracea,Marsh Crane Fly
2019,Urban,Yes,Diptera,Tipula,Tipula oleracea,Marsh Crane Fly
2021,Urban,Yes,Diptera,Tipula,Tipula oleracea,Marsh crane fly
2018,Forest,Yes,Diptera,Tipulidae,Tipulidae,Crane fly
2019,Forest,Yes,Diptera,Tipulidae,Tipulidae,crane fly
2020,Grassland,Yes,Diptera,Tipulidae,Tipulidae,Crane fly
2018,Grassland,Yes,Diptera,Toxomerus,Toxomerus politus,Corn-feeding Syrphid Fly
2018,Grassland,No,Diptera,Toxomerus,Toxomerus marginatus,hoverfly
2018,Grassland,Yes,Diptera,Toxomerus,Toxomerus politus,Hoverfly
2021,Grassland,No,Diptera,Toxomerus,Toxomerus marginatus,Hoverfly
2018,Grassland,Yes,Diptera,Toxomerus,Toxomerus politus,Maize calligrapher
2018,Grassland,Yes,Diptera,Toxomerus,Toxomerus geminatus,Toxomerus geminatus
2018,Forest,Yes,Diptera,Volucella,Volucella bombylan,Hoverfly
2018,Urban,Yes,Diptera,Winthemia,Winthemia rufopicta,Fly
2020,Grassland,Yes,Diptera,Winthemia,Winthemia sinuata,House Fly
2018,Urban,Yes,Diptera,Winthemia,Winthemia rufopicta,House-fly
2018,Urban,No,Diptera,Winthemia,Winthemia rufopicta,
2018,Urban,Yes,Diptera,Winthemia,Winthemia rufopicta,
2022,Forest,Yes,Diptera,Xanthogramma,Xanthogramma flavipes,American painted fly
2018,Forest,Yes,Diptera,Xanthogramma,Xanthogramma flavipes,Syrphid fly
2021,Forest,Yes,Diptera,Xanthogramma,Xanthogramma flavipes,
2020,Grassland,No,Diptera,Zodiac,Zodiac intermedium,thick headed fly
2018,Urban,No,Diptera,Zonosemata,Zonosemata electa,Pepper Maggot
2022,Forest,Yes,Ephemeroptera,Labiobaetis,Labiobaetis sabordoi,Mayfly
2021,Forest,Yes,Hemiptera,Acanalonia,Acanalonia bivittata,Planthopper
2022,Forest,Yes,Hemiptera,Acanalonia,Acanalonia bivittata,Planthopper
2022,Forest,Yes,Hemiptera,Acanalonia,Acanalonia conica,planthopper
2022,Grassland,Yes,Hemiptera,Acanalonia,Acanalonia conica,planthopper
2021,Urban,Yes,Hemiptera,Acanalonia,Acanalonia conica,Planthopper
2020,Forest,Yes,Hemiptera,Acanalonia,Acanalonia bivittata,two-striped plant-hopper
2018,Forest,Yes,Hemiptera,Acanalonia,Acanalonia bivittata,Two-striped Planthopper
2022,Forest,Yes,Hemiptera,Acanalonia,Acanalonia bivittata,Two-striped Planthoppers
2019,Grassland,Yes,Hemiptera,Acanalonia,Acanalonia conica,Two-stripped planthopper
2018,Grassland,Yes,Hemiptera,Alydus,Alydus eurinus,Broad-Headed Bug
2018,Grassland,Yes,Hemiptera,Alydus,Alydus eurinus,Broad-headed Bug
2022,Urban,Yes,Hemiptera,Aphrodes,Aphrodes spp.,Leafhopper
2022,Grassland,Yes,Hemiptera,Balclutha,Balclutha abdominalis,leafhopper
2018,Urban,NA,Hemiptera,Cicadellidae,Cicadellidae: Deltocephalinae,Leafhopper [Deltocephalinae is a subfamily of leafhoppers]
2022,Grassland,Yes,Hemiptera,Draeculacephala,Draeculacephala robinsoni,leaf hopper
2019,Forest,Yes,Hemiptera,Draeculacephala,Draeculacephala sp.,Sharpshooter
2019,Grassland,Yes,Hemiptera,Draeculacephala,Draeculacephala robinsoni,Sharpshooter leafhopper
2019,Urban,Yes,Hemiptera,Empoasca,Empoasca decipiens,Leaf Hopper
2018,Forest,Yes,Hemiptera,Empoasca,Empoasca,Leafhopper
2020,Forest,Yes,Hemiptera,Empoasca,Empoasca,Leafhopper
2021,Forest,Yes,Hemiptera,Empoasca,Empoasca decipiens,Leafhopper
2018,Forest,Yes,Hemiptera,Empoasca,Empoasca fabae,Potato Leafhopper
2021,Forest,Yes,Hemiptera,Empoasca,Empoasca decipiens,Potato Leafhopper
2018,Grassland,Yes,Hemiptera,Empoasca,Empoasca fabae,potato leafhopper
2018,Grassland,Yes,Hemiptera,Empoasca,Empoasca fabae,Potato leafhopper
2018,Urban,Yes,Hemiptera,Empoasca,Empoasca fabae,Potato Leafhopper
2018,Urban,Yes,Hemiptera,Empoasca,Empoasca fabae,Potato leafhopper
2022,Urban,Yes,Hemiptera,Empoasca,Empoasca fabae,potato leafhopper
2022,Forest,Yes,Hemiptera,Enchenopa,Enchenopa binotata,Treehopper
2018,Urban,Yes,Hemiptera,Eratoneura,Eratoneura flexibilis,Leafhopper
2022,Forest,Yes,Hemiptera,Erythroneura,Erythroneura sp.,Leafhopper
2022,Urban,Yes,Hemiptera,Fieberiella,Fieberiella florii,privet leafhopper
2022,Grassland,No,Hemiptera,Flatormenis,Flatormenis Proxima,Flatidae Plant Hopper
2022,Forest,No,Hemiptera,Flatormenis,Flatormenis proxima,Northern flatid planthopper or Mealy flatid planthopper
2021,Grassland,Yes,Hemiptera,Graphocephala,Graphocephala fennahi,Rhododendron Leafhopper
2018,Grassland,Yes,Hemiptera,Gyponana,Gyponana extenda,Leafhopper
2020,Urban,Yes,Hemiptera,Gyponana,Gyponana extenda,Leafhopper
2020,Grassland,Yes,Hemiptera,Lygaeus,Lygaeus kalmii,Common Milkweed Bug
2019,Urban,No,Hemiptera,Lygus,Lygus lineolaris,Tarnished plant bug
2021,Urban,Yes,Hemiptera,NA,NA,Whiteflies
2021,Forest,No,Hemiptera,Neocenchrea,Neocenchrea heidemanni,
2022,Urban,Yes,Hemiptera,Paraphlepsius,Paraphlepsius lobatus,Hopper
2018,Grassland,Yes,Hemiptera,Prosapia,Prosapia ignipectus,Spittlebug
2020,Urban,Yes,Hemiptera,Psylla,Psylla Buxi,Boxwood Psyllid
2021,Urban,Yes,Hemiptera,Psylla,Psylla buxi,Boxwood psyllid or Box Sucker
2019,Urban,Yes,Hemiptera,Typhlocyba,Typhlocyba melite,Leafhopper
2018,Grassland,Yes,Hemiptera,Xestocephalus,Xestocephalus superbus,
2018,Forest,Yes,Hymenoptera,Agapostemon,Agapostemon virescens,Bicolored striped sweat bee
2021,Grassland,Yes,Hymenoptera,Agapostemon,Agapostemon virescens,bicolored striped-sweat bee
2022,Grassland,Yes,Hymenoptera,Agapostemon,Agapostemon virescens,Bicolored Sweat Bee
2018,Grassland,Yes,Hymenoptera,Agapostemon,Agapostemon sericeus,Silky Striped-Sweat Bee
2020,Grassland,Yes,Hymenoptera,Agapostemon,Agapostemon sericeus,silky striped-sweat bee
2022,Grassland,Yes,Hymenoptera,Agapostemon,Agapostemon sericeus,silky striped-sweat bee
2022,Urban,Yes,Hymenoptera,Agapostemon,Agapostemon sericeus,"Silky, striped-sweat bee"
2020,Grassland,Yes,Hymenoptera,Agapostemon,Agapostemon virescens,Striped-sweat bee
2019,Forest,Yes,Hymenoptera,Agapostemon,Agapostemon sp.,Sweat Bee
2018,Grassland,Yes,Hymenoptera,Aleiodes,Aleiodes nolophanae,Appleworm Mummy Wasp
2021,Forest,Yes,Hymenoptera,Ametastegia,Ametastegia pulchella,Sawfly
2019,Forest,Yes,Hymenoptera,Apechthis,Apechthis annulicornis,
2019,Forest,Yes,Hymenoptera,Apechthis,Apechthis annulicornis,
2020,Grassland,No,Hymenoptera,Apis,Apis mellifera,European Dark Bee/Western Honey Bee
2018,Grassland,No,Hymenoptera,Arge,Arge sp.,Sawfly
2018,Urban,Yes,Hymenoptera,Asobara,Asobara sp.,parasitoid wasp
2018,Forest,Yes,Hymenoptera,Augochlora,Augochlora pura,Sweat bee
2018,Forest,NA,Hymenoptera,Austrozele,Austrozele sp.,Braconid wasp
2018,Forest,No,Hymenoptera,Austrozele,Austrozele sp.,Braconid wasp
2018,Forest,Yes,Hymenoptera,Austrozele,Austrozele sp.,Braconid wasp
2019,Forest,No,Hymenoptera,Austrozele,Austrozele sp.,Braconid wasp
2019,Forest,Yes,Hymenoptera,Austrozele,Austrozele sp.,Braconid wasp
2018,Grassland,Yes,Hymenoptera,Austrozele,Austrozele sp.,Braconid wasp
2019,Grassland,Yes,Hymenoptera,Austrozele,Austrozele sp. [BOLD-2016],Braconid wasp
2021,Forest,Yes,Hymenoptera,Austrozele,Austrozele straminea,Wasp
2021,Urban,Yes,Hymenoptera,Banchinae,Banchinae sp.,Banchinae sp.
2018,Urban,Yes,Hymenoptera,Bombus,Bombus impatiens,Common Eastern Bumble Bee
2022,Urban,Yes,Hymenoptera,Brachymyrmex,Brachymyrmex depilis,Ant
2022,Forest,No,Hymenoptera,Brachymyrmex,Brachymyrmex,Rover Work Ant
2018,Forest,No,Hymenoptera,Braconidae,Braconidae: Microgastrinae,Braconid Wasp
2022,Forest,Yes,Hymenoptera,Campopleginae,Campopleginae,parasitoid wasp
2018,Forest,Yes,Hymenoptera,Ceropales,Ceropales maculata,Spider Wasp
2021,Forest,Yes,Hymenoptera,Ceropales,Ceropales maculata,Spider wasp
2020,Grassland,Yes,Hymenoptera,Chrysis,Chrysis angolensis,Cuckoo Wasp
2021,Forest,Yes,Hymenoptera,Chrysis,Chrysis ignita,Ruby-tailed wasp
2020,Grassland,Yes,Hymenoptera,Chrysis,Chrysis sp.,
2018,Urban,No,Hymenoptera,Cotesia,Cotesia congregata,Parasitoid wasp
2019,Forest,Yes,Hymenoptera,Crabronidae,Crabronidae,Wasp
2021,Urban,Yes,Hymenoptera,Crossocerus,Crossocerus nitidiventris,Square-headed wasp
2021,Urban,Yes,Hymenoptera,Crossocerus,Crossocerus nitidiventris,Wasp
2018,Forest,Yes,Hymenoptera,Cryptinae,Cryptinae sp.,Wasp
2021,Forest,No,Hymenoptera,Cryptinae,Cryptinae (Cryptinae sp. BIOUG22869-B08),Wasp
2021,Urban,Yes,Hymenoptera,Cryptinae,Cryptinae sp.,Wasp
2019,Urban,Yes,Hymenoptera,Diadegma,Diadegma insulare,Diadegma insulare
2018,Grassland,Yes,Hymenoptera,Diolcogaster,Diolcogaster scotica,
2018,Grassland,Yes,Hymenoptera,Diolcogaster,Diolcogaster scotica,
2018,Urban,No,Hymenoptera,Diplazon,Diplazon laetatorius,Hover fly parasite
2018,Urban,Yes,Hymenoptera,Diplazon,Diplazon laetatorius,Parasitic Wasp
2020,Forest,Yes,Hymenoptera,Dolichovespula,Dolichovespula,bald faced hornet
2020,Forest,No,Hymenoptera,Dolichovespula,Dolichovespula maculata,Bald Faced hornet
2020,Forest,No,Hymenoptera,Dolichovespula,Dolichovespula maculata,Bald-Faced Hornet
2020,Forest,Yes,Hymenoptera,Dolichovespula,Dolichovespula maculata,Bald-faced hornet
2020,Forest,Yes,Hymenoptera,Dolichovespula,Dolichovespula maculata,Bald-faced hornet
2021,Forest,No,Hymenoptera,Dolichovespula,Dolichovespula maculata,Bald-faced hornet
2022,Forest,Yes,Hymenoptera,Dolichovespula,Dolichovespula maculata,Bald-faced hornet
2020,Grassland,No,Hymenoptera,Dolichovespula,Dolichovespula maculata,Bald-faced hornet
2021,Grassland,Yes,Hymenoptera,Dolichovespula,Dolichovespula maculata,bald-faced hornet
2019,Urban,No,Hymenoptera,Dolichovespula,Dolichovespula maculata,Bald-Faced Hornet
2020,Urban,No,Hymenoptera,Dolichovespula,Dolichovespula maculata,Bald-faced hornet
2021,Urban,No,Hymenoptera,Dolichovespula,Dolichovespula maculata,Bald-faced Hornet
2020,Forest,No,Hymenoptera,Dolichovespula,Dolichovespula maculata,Bald-faced wasp
2021,Forest,Yes,Hymenoptera,Dolichovespula,Dolichovespula maculata,Black-faced Hornet
2021,Forest,Yes,Hymenoptera,Dusona,Dusona gracilis,Dusona gracilis
2018,Urban,Yes,Hymenoptera,Ectemnius,Ectemnius lapidarius,Square Headed Wasp
2021,Urban,Yes,Hymenoptera,Ectemnius,Ectemnius cephalotes,Square-Headed Wasp
2018,Grassland,Yes,Hymenoptera,Enicospilus,Enicospilus purgatus,Wasp
2021,Forest,Yes,Hymenoptera,Eremnophila,Eremnophila aureonotata,Gold Marked Thread-Waisted Wasp
2021,Forest,No,Hymenoptera,Eremnophila,Eremnophila aureonotata,Gold Marked Thread-Waisted Wasp
2021,Forest,Yes,Hymenoptera,Eremnophila,Eremnophila aureonotata,Gold-marked thread-waisted wasp
2022,Urban,Yes,Hymenoptera,Eucoilinae,Eucoilinae,Wasp
2021,Urban,Yes,Hymenoptera,Eumenes,Eumenes fraternus,Potter wasp
2020,Forest,Yes,Hymenoptera,Formica,Formica schaufussi,Ant
2020,Forest,Yes,Hymenoptera,Formica,Formica schaufussi,ant
2022,Forest,Yes,Hymenoptera,Formica,Formica glacialis,Ant
2018,Grassland,Yes,Hymenoptera,Formica,Formica schaufussi,Ant
2018,Urban,Yes,Hymenoptera,Formica,Formica schaufussi,Ant
2018,Urban,Yes,Hymenoptera,Formica,Formica schaufussi,Ant
2020,Urban,No,Hymenoptera,Formica,Formica glacialis,Ant
2020,Urban,No,Hymenoptera,Formicidae,Formicidae sp. CC13C-10,Ant
2018,Urban,No,Hymenoptera,Glyptapanteles,Glyptapanteles sp.,endoparasitoid wasps
2018,Urban,Yes,Hymenoptera,Glyptapanteles,Glyptapanteles microgastrinae,Microgastrinae wasp
2020,Urban,No,Hymenoptera,Glyptapanteles,Glyptapanteles spodoptera,Parasite wasp
2019,Urban,Yes,Hymenoptera,Glyptapanteles,Glyptapanteles sp. 'carlossarmientoi',Parasitoid Wasp
2019,Urban,Yes,Hymenoptera,Glyptapanteles,Glyptapanteles sp.,Wasp
2021,Grassland,Yes,Hymenoptera,Halictus,Halictus ligatus,Ligated Furrow Bee
2022,Urban,No,Hymenoptera,Homolobinae,Homolobinae,Parasitic Wasp
2021,Grassland,Yes,Hymenoptera,Ichneumon,Ichneumon,Ichneumon Wasps
2020,Forest,Yes,Hymenoptera,Ichneumonidae,Ichneumonidae: Ichneumoninae [BOLD-2016],"Ants, Bees, and Wasps"
2019,Forest,Yes,Hymenoptera,Ichneumonidae,Ichneumonidae: Ichneumoninae,Great Black Wasp
2018,Forest,NA,Hymenoptera,ichneumonidae,ichneumonidae,Ichneumon Wasp
2019,Forest,Yes,Hymenoptera,Ichneumonidae,Ichneumonidae,Ichneumon Wasp
2021,Grassland,Yes,Hymenoptera,Ichneumonidae,Ichneumonidae sp,Ichneumon wasps
2018,Forest,Yes,Hymenoptera,Ichneumonidae,Ichneumonidae: Ichneumoninae [BOLD-2016],Parasitic Wasp
2018,Urban,Yes,Hymenoptera,Ichneumonidae,Ichneumonidae: Campopleginae,Parasitic Wasp
2021,Urban,Yes,Hymenoptera,Ichneumonidae,Ichneumoninae sp,Parasitic Wasp
2022,Forest,No,Hymenoptera,Ichneumonidae,Ichneumonidae sp.,parasitic wasps
2018,Forest,Yes,Hymenoptera,Ichneumonidae,Ichneumonidae,Wasp
2018,Forest,Yes,Hymenoptera,Ichneumonidae,Ichneumonidae: Cryptinae,Wasp
2019,Forest,Yes,Hymenoptera,Ichneumonidae,Ichneumonidae,Wasp
2019,Forest,No,Hymenoptera,Ichneumonidae,Ichneumonidae: Cryptinae,Wasp
2021,Grassland,Yes,Hymenoptera,Ichneumonidae,Ichneumonidae latreille,wasp
2020,Forest,Yes,Hymenoptera,Ichneumonidae,Ichneumonidae: Ichneumoninae [BOLD-2016],"Wasp, Bee, Ant"
2018,Forest,Yes,Hymenoptera,Ichneumonidae,Ichneumonidae: Cryptinae,Wasps
2022,Grassland,Yes,Hymenoptera,Ichneumoninae,Ichneumoninae sp.,Parasitic Wasp Species
2018,Forest,No,Hymenoptera,Iridomyrmex,Iridomyrmex purpureus,Meat ant
2018,Grassland,NA,Hymenoptera,Iridomyrmex,Iridomyrmex purpureus,meat ant
2018,Urban,No,Hymenoptera,Iridomyrmex,Iridomyrmex purpureus,Meat Ant
2019,Urban,No,Hymenoptera,Iridomyrmex,Iridomyrmex purpureus,Meat ant
2022,Urban,No,Hymenoptera,Iridomyrmex,Iridomyrmex purpureus,Meat ant
2022,Urban,No,Hymenoptera,Iridomyrmex,Iridomyrmex purpureus,Meat Ant
2019,Forest,Yes,Hymenoptera,Iseropus,Iseropus stercorator,Wasp
2021,Urban,Yes,Hymenoptera,Lasioglossum,Lasioglossum illinoense,Sweat bees
2018,Urban,Yes,Hymenoptera,Lyroda,Lyroda subita,Digger Wasp
2020,Grassland,Yes,Hymenoptera,Melissodes,Melissodes desponsa,Bee
2020,Forest,Yes,Hymenoptera,Melissodes,Melissodes desponsa,Thistle Long Horned Bee
2018,Forest,Yes,Hymenoptera,Mesoleptus,Mesoleptus congener,Parasitoid Wasp
2022,Forest,No,Hymenoptera,Messatoporus,Messatoporus compressicornis,Ichneumon Wasp
2018,Urban,Yes,Hymenoptera,Meteorus,Meteorus sp. [BBHYI144-10],Meteorus wasp
2018,Urban,No,Hymenoptera,Meteorus,Meteorus tenellus,
2020,Urban,NA,Hymenoptera,Metopius,Metopius rufus,Ichneumon wasps
2018,Grassland,Yes,Hymenoptera,Microgaster,Microgaster sp. [BIOUG31956-D09],wasp
2020,Urban,Yes,Hymenoptera,Microgastrinae,Microgastrinae,Wasp
2022,Grassland,Yes,Hymenoptera,Minagenia,Minagenia osoria,Spider wasps
2020,Urban,Yes,Hymenoptera,Monostegia,Monostegia abdominalis,Sawfly
2020,Urban,Yes,Hymenoptera,Monostegia,Monostegia abdominalis,Tiny yellow sawfly
2018,Grassland,Yes,Hymenoptera,Myrmosa,Myrmosa unicolor,
2021,Urban,Yes,Hymenoptera,Myzinum,Myzinum maculata Fabricius,Wasp
2019,Forest,Yes,Hymenoptera,NA,NA,bee/wasp/ant
2020,Urban,Yes,Hymenoptera,NA,NA,
2022,Grassland,Yes,Hymenoptera,NA,NA,
2018,Urban,Yes,Hymenoptera,NA,NA,"Possible sawfly, wasp, bee, or ant"
2019,Forest,Yes,Hymenoptera,NA,NA,Unclassified Hymenoptera Species
2021,Forest,Yes,Hymenoptera,NA,NA,Wasp
2021,Urban,Yes,Hymenoptera,NA,NA,Wasp
2019,Forest,Yes,Hymenoptera,NA,NA,
2022,Forest,Yes,Hymenoptera,NA,NA,
2021,Grassland,Yes,Hymenoptera,NA,NA,
2019,Forest,No,Hymenoptera,Netelia,Netelia sp.,Ichneumon Wasp
2019,Forest,Yes,Hymenoptera,Netelia,Netelia sp.,Ichneumon Wasp
2019,Forest,Yes,Hymenoptera,Netelia,Netelia sp.,Ichneumon Wasp
2022,Forest,Yes,Hymenoptera,Netelia,Netelia sayi,Ichneumon wasp
2019,Grassland,Yes,Hymenoptera,Netelia,Netelia sp.,Ichneumon Wasp
2018,Forest,Yes,Hymenoptera,Netelia,Netelia sp.,
2019,Forest,Yes,Hymenoptera,Netelia,Netelia sp.,parasitic wasp
2019,Forest,Yes,Hymenoptera,Netelia,Netelia seyi,wasp
2019,Forest,Yes,Hymenoptera,Netelia,Netelia sp.,Wasp
2019,Grassland,Yes,Hymenoptera,Netelia,Netelia sp.,wasp
2019,Urban,No,Hymenoptera,Netelia,Netelia sp.,Wasp
2022,Forest,Yes,Hymenoptera,Orthogonalys,Orthogonalys pulchella,Wasp
2021,Urban,Yes,Hymenoptera,Parancistrocerus,Parancistrocerus leionotus,Potter Wasp
2020,Grassland,No,Hymenoptera,Polistes,Polistes fuscatus,northern paper wasp
2021,Forest,No,Hymenoptera,Polytribax,Polytribax contiguus,wasp
2020,Urban,Yes,Hymenoptera,Pompilidae,Pompilidae,spider wasp
2020,Urban,Yes,Hymenoptera,Pompilidae,Pompilidae,Spider Wasp
2018,Grassland,Yes,Hymenoptera,Pompilidae,Pompilidae,Wasp
2019,Forest,Yes,Hymenoptera,Ponera,Ponera pennsylvanica,Ant
2021,Forest,Yes,Hymenoptera,Ponera,Ponera pennsylvanica,Ant
2022,Forest,Yes,Hymenoptera,Ponera,Ponera pennsylvanica,Pennsylvanian Hunter Ant
2020,Forest,No,Hymenoptera,Priocnemis,Priocnemis cornica,Small Black Spider Wasp
2019,Urban,No,Hymenoptera,Protapanteles,Protapanteles sp.,
2021,Forest,Yes,Hymenoptera,Pseudodynerus,Pseudodynerus quadrisectus,Mason Wasp
2018,Forest,Yes,Hymenoptera,Rhyssa,Rhyssa persuasoria,Saber Wasp
2018,Urban,Yes,Hymenoptera,Sierolomorpha,Sierolomorpha canadensis,wasp
2022,Urban,Yes,Hymenoptera,Solenopsis,Solenopsis Molesta,Thief Ant
2018,Urban,Yes,Hymenoptera,Sphecius,Sphecius convallis,Cicada Killer Wasp
2018,Forest,Yes,Hymenoptera,Taxonus,Taxonus sp.,sawfly
2021,Forest,No,Hymenoptera,Vespula,Vespula flavopilosa,Downy yellow Jacket
2020,Forest,Yes,Hymenoptera,Vespula,Vespula flavopilosa,Downy Yellowjacket
2018,Forest,NA,Hymenoptera,Vespula,Vespula maculifrons,Eastern Yellowjacket
2018,Forest,No,Hymenoptera,Vespula,Vespula maculifrons,eastern yellowjacket
2020,Forest,Yes,Hymenoptera,Vespula,Vespula maculifrons,Eastern Yellowjacket
2020,Forest,Yes,Hymenoptera,Vespula,Vespula maculifrons,Eastern Yellowjacket
2020,Forest,Yes,Hymenoptera,Vespula,Vespula maculifrons,Eastern Yellowjacket
2021,Forest,No,Hymenoptera,Vespula,Vespula maculifrons,Eastern Yellowjacket
2021,Forest,,Hymenoptera,Vespula,Vespula maculifrons,Eastern Yellowjacket
2019,Grassland,No,Hymenoptera,Vespula,Vespula maculifrons,Eastern Yellowjacket
2022,Urban,No,Hymenoptera,Vespula,Vespula germanica,European wasp
2022,Urban,No,Hymenoptera,Vespula,Vespula germanica,European wasp
2021,Grassland,No,Hymenoptera,Vespula,Vespula germanica,German wasp
2021,Urban,Yes,Hymenoptera,Vespula,Vespula germanica,German wasp
2021,Urban,No,Hymenoptera,Vespula,Vespula germanica,German Wasp
2021,Urban,No,Hymenoptera,Vespula,Vespula germanica,German Wasp
2021,Urban,No,Hymenoptera,Vespula,Vespula germanica,German Wasp
2021,Urban,Yes,Hymenoptera,Vespula,Vespula germanica,German Wasp
2021,Urban,No,Hymenoptera,Vespula,Vespula germanica,German wasp
2021,Urban,Yes,Hymenoptera,Vespula,Vespula germanica,German wasp
2021,Urban,No,Hymenoptera,Vespula,Vespula germanica,German Wasp
2021,Urban,Yes,Hymenoptera,Vespula,Vespula germanica,German Wasp
2022,Urban,No,Hymenoptera,Vespula,Vespula germanica,German Wasp
2021,Forest,No,Hymenoptera,Vespula,Vespula flavopilosa,North America yellow jacket
2021,Grassland,No,Hymenoptera,Vespula,Vespula squamosa,Southern yellow jacket
2022,Forest,No,Hymenoptera,Vespula,Vespula squamosa,Southern yellowjacket
2020,Grassland,No,Hymenoptera,Vespula,Vespula squamosa,Southern Yellowjacket
2022,Grassland,No,Hymenoptera,Vespula,Vespula squamosa,Southern yellowjacket
2020,NA,No,Hymenoptera,Vespula,Vespula squamosa,Southern Yellowjacket
2019,Urban,No,Hymenoptera,Vespula,Vespula squamosa,Southern Yellowjacket
2020,Urban,No,Hymenoptera,Vespula,Vespula squamosa,Southern Yellowjacket
2022,Forest,No,Hymenoptera,Vespula,Vespula maculifrons,The eastern yellow jacket
2022,Grassland,No,Hymenoptera,Vespula,Vespula aquamosa,Wasp
2019,Urban,Yes,Hymenoptera,Vespula,Vespula vulgaris,wasp
2018,Forest,No,Hymenoptera,Vespula,Vespula maculifrons,Yellow Jacket
2021,Forest,Yes,Hymenoptera,Vespula,Vespula maculifrons,Yellow Jacket
2021,Forest,Yes,Hymenoptera,Vespula,Vespula maculifrons,Yellow Jacket
2021,Forest,No,Hymenoptera,Vespula,Vespula flavopilosa,Yellow Jacket
2021,Forest,No,Hymenoptera,Vespula,Vespula flavopilosa,Yellowjacket
2018,Urban,Yes,Lepidoptera,Acrolophus,Acrolophus texanella,Grass Tubeworm Moth
2018,Urban,Yes,Lepidoptera,Acrolophus,Acrolophus popeanella,moth
2018,Forest,Yes,Lepidoptera,Aethes,Aethes promptana,Moth
2020,Forest,Yes,Lepidoptera,Aethes,Aethes promptana,Moth
2022,Forest,Yes,Lepidoptera,Aethes,Aethes promptana,Moth
2022,Forest,Yes,Lepidoptera,Aethes,Aethes promptana,Moth
2019,Forest,Yes,Lepidoptera,Agriphila,Agriphila ruricolella,Lesser Vagabond Sod Webworm
2019,Forest,Yes,Lepidoptera,Agriphila,Agriphila ruricolella,Lesser Vagabond Sod Webworm
2019,Forest,Yes,Lepidoptera,Agriphila,Agriphila ruricolella,Lesser Vagabond Sod Webworm
2019,Forest,Yes,Lepidoptera,Agriphila,Agriphila ruricolella,lesser vagabond sod webworm
2022,Forest,Yes,Lepidoptera,Agriphila,Agriphila ruricolella,Lesser vagabond sod webworm
2022,Forest,Yes,Lepidoptera,Agriphila,Agriphila ruricolella,lesser vagabond sod webworm
2022,Forest,Yes,Lepidoptera,Agriphila,Agriphila ruricolella,lesser vagabond sod webworm
2022,Forest,Yes,Lepidoptera,Agriphila,Agriphila ruricolella,Lesser vagabond sod webworm
2018,Grassland,Yes,Lepidoptera,Agriphila,Agriphila ruricolella,Lesser Vagabond Sod Webworm
2018,Grassland,Yes,Lepidoptera,Agriphila,Agriphila ruricolella,lesser vagabond sod webworm
2018,Grassland,Yes,Lepidoptera,Agriphila,Agriphila ruricolella,Lesser vagabond sod webworm
2019,Grassland,Yes,Lepidoptera,Agriphila,Agriphila ruricolella,Lesser vagabond sod webworm
2019,Grassland,Yes,Lepidoptera,Agriphila,Agriphila ruricolella,lesser vagabond sod webworm
2019,Grassland,Yes,Lepidoptera,Agriphila,Agriphila ruricolella,Lesser Vagabond Sod Webworm
2019,Grassland,Yes,Lepidoptera,Agriphila,Agriphila ruricolella,lesser vagabond sod webworm
2019,Grassland,Yes,Lepidoptera,Agriphila,Agriphila ruricolella,Lesser Vagabond Sod Webworm
2019,Grassland,Yes,Lepidoptera,Agriphila,Agriphila ruricolella,Lesser Vagabond Sod Webworm
2019,Grassland,Yes,Lepidoptera,Agriphila,Agriphila ruricollela,lesser vagabond sod webworm
2021,Grassland,Yes,Lepidoptera,Agriphila,Agriphila ruricolella,lesser vagabond sod webworm
2022,Grassland,Yes,Lepidoptera,Agriphila,Agriphila ruricolella,Lesser Vagabond Sod Webworm
2022,Grassland,Yes,Lepidoptera,Agriphila,Agriphila ruricolella,Lesser Vagabond Sod Webworm
2022,Grassland,Yes,Lepidoptera,Agriphila,Agriphila ruricolella,Lesser Vagabond Sod Webworm
2018,Urban,Yes,Lepidoptera,Agriphila,Agriphila ruricolella,lesser vagabond sod webworm
2018,Urban,Yes,Lepidoptera,Agriphila,Agriphila ruricolella,Lesser Vagabond Sod Webworm
2019,Urban,Yes,Lepidoptera,Agriphila,Agriphila ruricolella,Lesser vagabond sod webworm
2022,Urban,Yes,Lepidoptera,Agriphila,Agriphila ruricolella,Lesser vagabond sod webworm
2022,Urban,Yes,Lepidoptera,Agriphila,Agriphila ruricolella,Lesser vagabond sod webworm (moth)
2022,Grassland,Yes,Lepidoptera,Agriphila,Agriphila ruricolella,Lesser Vagabond Sod Webworm Moth
2019,Grassland,Yes,Lepidoptera,Agriphila,Agriphila ruricolella,"lesser vagabond sod webworm, or moth"
2018,Forest,Yes,Lepidoptera,Agriphila,Agriphila ruricolella,moth
2019,Forest,Yes,Lepidoptera,Agriphila,Agriphila ruricolella,Moth
2019,Forest,Yes,Lepidoptera,Agriphila,Agriphila ruricolella,moth
2019,Forest,Yes,Lepidoptera,Agriphila,Agriphila ruricolella,Moth
2019,Forest,Yes,Lepidoptera,Agriphila,Agriphila ruricolella,moth
2022,Forest,Yes,Lepidoptera,Agriphila,Agriphila ruricolella,Moth
2022,Forest,Yes,Lepidoptera,Agriphila,Agriphila ruricolella,Moth
2022,Forest,Yes,Lepidoptera,Agriphila,Agriphila ruricolella,Moth
2019,Grassland,Yes,Lepidoptera,Agriphila,Agriphila ruricolella,Moth
2019,Grassland,Yes,Lepidoptera,Agriphila,Agriphila ruricolella,Moth
2019,Grassland,Yes,Lepidoptera,Agriphila,Agriphila ruricolella,Moth
2019,Grassland,Yes,Lepidoptera,Agriphila,Agriphila ruricolella,Moth
2019,Grassland,Yes,Lepidoptera,Agriphila,Agriphila ruricolella,Moth
2022,Grassland,Yes,Lepidoptera,Agriphila,Agriphila ruricolella,Moth
2018,Urban,Yes,Lepidoptera,Agriphila,Agriphila ruricolella,Moth
2019,Urban,Yes,Lepidoptera,Agriphila,Agriphila ruricolella,Moth
2019,Urban,Yes,Lepidoptera,Agriphila,Agriphila ruricolella,moth
2019,Grassland,Yes,Lepidoptera,Agriphila,Agriphila ruricolella,Moths
2019,Grassland,Yes,Lepidoptera,Agriphila,Agriphila ruricolella,Small Moths
2019,Grassland,Yes,Lepidoptera,Agriphila,Agriphila ruricolella,sod webworm
2022,Forest,Yes,Lepidoptera,Agriphila,Agriphila ruricolella,the lesser vagabond sod webworm
2019,Forest,Yes,Lepidoptera,Agriphila,Agriphila ruricolella,vagabond sod webworm
2019,Urban,Yes,Lepidoptera,Agriphila,Agriphila ruricolella,Vagabond sod webworm
2018,Forest,Yes,Lepidoptera,Amorpha,Amorpha juglandis,walnut sphinx (moth)
2020,Forest,Yes,Lepidoptera,Amphipyra,Amphipyra pyramidoides,Copper Underwing
2020,Forest,Yes,Lepidoptera,Amphipyra,Amphipyra pyramidoides,Copper underwing
2022,Forest,Yes,Lepidoptera,Amphipyra,Amphipyra pyramidoides,Copper Underwing
2020,Forest,Yes,Lepidoptera,Amphipyra,Amphipyra pyramidoides,Copper underwing moth
2021,Grassland,Yes,Lepidoptera,Anicla,Anicla illapsa,Snowy Dart Moth
2020,Forest,No,Lepidoptera,Anorthodes,Anorthodes tarda,Slowpoke moth
2021,Forest,Yes,Lepidoptera,Apamea,Apamea helva,Yellow Three Spot Moth
2021,Forest,Yes,Lepidoptera,Apamea,Apamea helva,Yellow Three Spot Moth
2021,Forest,Yes,Lepidoptera,Apamea,Apamea helva,Yellow Three Spot Moth
2021,Forest,Yes,Lepidoptera,Apamea,Apamea helva,Yellow Three Spot Moth
2021,Grassland,Yes,Lepidoptera,Apamea,Apamea helva,Yellow Three Spot Moth
2022,Forest,Yes,Lepidoptera,Apamea,Apamea helva,Yellow three-spot
2021,Forest,Yes,Lepidoptera,Apamea,Apamea helva,Yellow Three-Spot Moth
2021,Forest,Yes,Lepidoptera,Apamea,Apamea helva,Yellow Three-Spot Moth
2021,Forest,Yes,Lepidoptera,Apamea,Apamea helva,Yellow Three-Spot Moth
2021,Grassland,Yes,Lepidoptera,Apamea,Apamea helva,Yellow Three-Spot Moth
2020,Grassland,Yes,Lepidoptera,Apantesis,Apantesis phalerata,Harnessed Tiger Moth
2021,Grassland,Yes,Lepidoptera,Apantesis,Apantesis phalerata,Moth
2018,Forest,Yes,Lepidoptera,Archips,Archips Purpana,Moth
2018,Forest,Yes,Lepidoptera,Archips,Archips purpurana,Omnivorous Leafroller Moth
2018,Forest,Yes,Lepidoptera,Archips,Archips purpurana,Omnivorous Leafroller Moth
2019,Forest,Yes,Lepidoptera,Argyrotaenia,Argyrotaenia coloradana,moth
2022,Grassland,Yes,Lepidoptera,Argyrotaenia,Argyrotaenia velutinana,Moth
2022,Grassland,Yes,Lepidoptera,Argyrotaenia,Argyrotaenia velutinana,Red-banded leafroller moth
2018,Grassland,Yes,Lepidoptera,Atteva,Atteva aurea,Ailanthus webworm
2022,Forest,Yes,Lepidoptera,Atteva,Atteva aurea,Ailanthus Webworm Moth
2021,Grassland,Yes,Lepidoptera,Atteva,Atteva aurea,Ailanthus webworm moth
2018,Grassland,Yes,Lepidoptera,Autographa,Autographa precationis,Common Looper
2019,Forest,NA,Lepidoptera,Autographa,Autographa precationis,common looper moth
2018,Urban,Yes,Lepidoptera,Autographa,Autographa precationis,Common looper moth
2019,Forest,No,Lepidoptera,Autographa,Autographa precationis,Looper Moth
2021,Grassland,Yes,Lepidoptera,Autographa,Autographa precationis,Moth
2021,Urban,Yes,Lepidoptera,Autographa,Autographa precationis,moth
2018,Grassland,Yes,Lepidoptera,Bleptina,Bleptina caradrinalis,Bent-winged owlet
2019,Grassland,Yes,Lepidoptera,Caenurgina,Caenurgina crassiuscula,Clover looper
2019,Grassland,Yes,Lepidoptera,Caenurgina,Caenurgina crassiuscula,Clover looper
2022,Grassland,Yes,Lepidoptera,Caenurgina,Caenurgina crassiuscula,Clover Looper
2018,Forest,Yes,Lepidoptera,Caenurgina,Caenurgina crassiuscula,Clover Looper Moth
2019,Grassland,Yes,Lepidoptera,Caenurgina,Caenurgina crassiuscula,Clover looper moth
2021,Grassland,Yes,Lepidoptera,Caenurgina,Caenurgina crassiuscula,Clover Looper Moth
2021,Grassland,Yes,Lepidoptera,Caenurgina,Caenurgina crassiuscula,Clover Looper Moth
2021,Grassland,Yes,Lepidoptera,Caenurgina,Caenurgina crassiuscula,Clover Looper Moth
2021,Grassland,Yes,Lepidoptera,Caenurgina,Caenurgina crassiuscula,Clover Looper Moth
2021,Grassland,Yes,Lepidoptera,Caenurgina,Caenurgina crassiuscula,Clover Looper Moth
2021,Grassland,Yes,Lepidoptera,Caenurgina,Caenurgina crassiuscula,Clover Looper Moth
2019,Grassland,Yes,Lepidoptera,Caenurgina,Caenurgina crassiuscula,clover looper or range grass moth
2022,Grassland,Yes,Lepidoptera,Caenurgina,Caenurgina crassiuscula,clover looper or range grass moth
2019,Grassland,Yes,Lepidoptera,Caenurgina,Caenurgina crassiuscula,Moth
2019,Grassland,Yes,Lepidoptera,Caenurgina,Caenurgina crassiuscula,Moth
2020,Grassland,Yes,Lepidoptera,Caenurgina,Caenurgina crassiuscula,Range Grass Moth
2020,Grassland,Yes,Lepidoptera,Callistege,Callistege triangula,Moth
2018,Forest,Yes,Lepidoptera,Catocala,Catocala innubens,betrothed underwing moth
2020,Forest,Yes,Lepidoptera,Catocala,Catocala Innubens,Betrothed Underwing Moth
2020,Grassland,Yes,Lepidoptera,Choristoneura,Choristoneura rosaceana,Obliquebanded leafroller
2018,Grassland,Yes,Lepidoptera,Chrysoteuchia,Chrysoteuchia topiarius,Topiary grass veneer-moth
2018,Urban,Yes,Lepidoptera,Chrysoteuchia,Chrysoteuchia topiarius,topiary grass-veneer moth
2018,Grassland,Yes,Lepidoptera,Chrysoteuchia,Chrysoteuchia topiarius,"topiary grass-veneer moth, subterranean sod webworm or cranberry girdler"
2020,Grassland,Yes,Lepidoptera,Clepsis,Clepsis clemensiana,Clemens' clepsis moth
2021,Forest,No,Lepidoptera,Clepsis,Clepsis pallidana,Moth
2020,Forest,Yes,Lepidoptera,Coelostathma,Coelostathma discopunctana,The Batman Moth
2022,Forest,Yes,Lepidoptera,Condica,Condica vecors,Condica Vecors
2018,Forest,Yes,Lepidoptera,Condica,Condica vecors,Dusky Groundling
2019,Forest,Yes,Lepidoptera,Condica,Condica vecors,dusky groundling
2020,Forest,Yes,Lepidoptera,Condica,Condica vecors,dusky groundling
2022,Forest,Yes,Lepidoptera,Condica,Condica Vecors,Dusky Groundling
2022,Forest,Yes,Lepidoptera,Condica,Condica vecors,Dusky Groundling
2018,Forest,No,Lepidoptera,Condica,Condica vecors,Dusky Groundling Moth
2018,Forest,Yes,Lepidoptera,Condica,Condica vecors,Dusky Groundling Moth
2020,Forest,Yes,Lepidoptera,Condica,Condica vecors,Dusky Groundling Moth
2021,Forest,Yes,Lepidoptera,Condica,Condica vecors,Dusky Groundling Moth
2021,Forest,Yes,Lepidoptera,Condica,Condica vecors,Dusky Groundling Moth
2022,Forest,Yes,Lepidoptera,Condica,Condica vecors,Dusky Groundling Moth
2022,Forest,Yes,Lepidoptera,Condica,Condica vecors,Dusky Groundling Moth
2022,Grassland,Yes,Lepidoptera,Condica,Condica vecors,Dusky Groundling Moth
2022,Forest,Yes,Lepidoptera,Condica,Condica Vecors,Moth
2022,Grassland,Yes,Lepidoptera,Condica,Condica vecors,Owlet Moth
2022,Forest,Yes,Lepidoptera,Condica,Condica vecors,Owlet moths
2018,Urban,Yes,Lepidoptera,Cosmopterix,Cosmopterix montisella,Moth
2018,Grassland,Yes,Lepidoptera,Crambus,Crambus agitellus,Scavenger Moth
2021,Grassland,No,Lepidoptera,Danaus,Danaus plexippus,Monarch Butterfly
2018,Urban,Yes,Lepidoptera,Elachista,Elachista illectella,Moth
2018,Grassland,NA,Lepidoptera,Elachista,Elachista illectella,
2021,Forest,Yes,Lepidoptera,Enodia,Enodia anthedon,Northern Pearly-eye
2022,Grassland,Yes,Lepidoptera,Erynnis,Erynnis afranius,Bald duskywing
2018,Forest,Yes,Lepidoptera,Eulithis,Eulithis gracilineata,Greater grapevine looper
2018,Grassland,Yes,Lepidoptera,Eulithis,Eulithis gracilineata,Greater Grapevine Looper Moth
2020,Forest,Yes,Lepidoptera,Eulithis,Eulithis prunata,the phoenix
2018,Forest,Yes,Lepidoptera,Euplexia,Euplexia benesimilis,American angle shade
2018,Grassland,No,Lepidoptera,Feltia,Feltia herilis,Herald Dart
2022,Forest,Yes,Lepidoptera,Feltia,Feltia herilis,Master's Dart
2021,Forest,No,Lepidoptera,Feltia,Feltia herilis,Master's Dart (moth)
2021,Forest,No,Lepidoptera,Feltia,Feltia herilis,Master's Dart (moth)
2021,Forest,No,Lepidoptera,Feltia,Feltia herilis,Master's Dart (moth)
2021,Forest,No,Lepidoptera,Feltia,Feltia herilis,Master's Dart (moth)
2021,Forest,Yes,Lepidoptera,Feltia,Feltia herilis,Master's Dart (moth)
2021,Forest,No,Lepidoptera,Feltia,Feltia herilis,Master's Dart (moth)
2021,Forest,No,Lepidoptera,Feltia,Feltia herilis,Master's Dart (moth)
2021,Grassland,Yes,Lepidoptera,Feltia,Feltia herilis,Master's Dart (moth)
2018,Forest,No,Lepidoptera,Feltia,Feltia herilis,Master's Dart Moth
2019,Forest,No,Lepidoptera,Feltia,Feltia herilis,Moth
2020,Grassland,Yes,Lepidoptera,Fissicrambus,Fissicrambus aff. mutabilis,Changeable grass-veneer
2020,Grassland,Yes,Lepidoptera,Fissicrambus,Fissicrambus mutabilis,changeable grass-veneer or striped sod webworm
2020,Urban,Yes,Lepidoptera,Fissicrambus,Fissicrambus mutabilis,sod webworm moth
2020,Grassland,Yes,Lepidoptera,Fissicrambus,Fissicrambus aff. mutabilis,Striped sob webworm moth
2018,Grassland,Yes,Lepidoptera,Fissicrambus,Fissicrambus mutabilis,Striped Sod Webworm
2020,Grassland,Yes,Lepidoptera,Fissicrambus,Fissicrambus aff. mutabilis,Striped Sod Webworm (Moth)
2020,Grassland,Yes,Lepidoptera,Galgula,Galgula partita,Wedgling Moth
2022,Grassland,Yes,Lepidoptera,Galgula,Galgula partita,Wedgling Moth
2020,Urban,Yes,Lepidoptera,Haematopis,Haematopis grataria,Moth
2020,Urban,Yes,Lepidoptera,Helotropha,Helotropha reniformis,moth
2022,Forest,Yes,Lepidoptera,Hemaris,Hemaris thysbe,Hummingbird clearwing
2022,Grassland,Yes,Lepidoptera,Hemaris,Hemaris diffinis,snowberry clearwing
2020,Forest,Yes,Lepidoptera,Hesperiidae,Hesperiidae sp.,Peck's Skipper
2018,Forest,Yes,Lepidoptera,Hypena,Hypena madefactalis,gray-edged hypena
2018,Forest,Yes,Lepidoptera,Hypena,Hypena madefactalis,gray-edged hypena
2020,Forest,Yes,Lepidoptera,Hypena,Hypena madefactalis,Gray-edged hypena
2020,Grassland,Yes,Lepidoptera,Hypena,Hypena madefactalis,Gray-edged Hypena
2020,Forest,Yes,Lepidoptera,Hypena,Hypena scabra,green cloverworm
2020,Forest,Yes,Lepidoptera,Hypena,Hypena scabra,green cloverworm
2020,Grassland,Yes,Lepidoptera,Hypena,Hypena Scabra,Green Cloverworm
2020,Urban,Yes,Lepidoptera,Hypena,Hypena scabra,Green Cloverworm (Moth)
2022,Forest,Yes,Lepidoptera,Hypena,Hypena scabra,Moth
2020,Urban,Yes,Lepidoptera,Hypena,Hypena scabra,Moth
2018,Forest,Yes,Lepidoptera,Idia,Idia aemula,Moth
2021,Forest,Yes,Lepidoptera,Idia,Idia americalis,Moth
2022,Grassland,No,Lepidoptera,Junonia,Junonia coenia,Buckeye Butterfly
2019,Grassland,Yes,Lepidoptera,Junonia,Junonia coenia,Common buckeye
2019,Grassland,Yes,Lepidoptera,Lacinipolia,Lacinipolia meditata,Thinker Moth
2019,Grassland,Yes,Lepidoptera,Lacinipolia,Lacinipolia meditata,Thinker moth
2018,Grassland,Yes,Lepidoptera,Leucania,Leucania commoides,Comma Wainscot
2020,Grassland,Yes,Lepidoptera,Leucania,Leucania ursula,Dart Moth
2018,Urban,Yes,Lepidoptera,Leucania,Leucania linda,Linda Wainscot Moth
2021,Grassland,Yes,Lepidoptera,Leucania,Leucania farcta,Meadow Wainscot Moth
2021,Grassland,Yes,Lepidoptera,Leucania,Leucania ursula,moth
2021,Grassland,Yes,Lepidoptera,Leucania,Leucania phragmitidicola,Phragmites Wainscot
2018,Grassland,Yes,Lepidoptera,Leucania,Leucania commoides,Two-lined wainscot moth
2021,Forest,Yes,Lepidoptera,Leucania,Leucania ursula,Ursula Wainscot
2020,Grassland,Yes,Lepidoptera,Leucania,Leucania ursula,Ursula Wainscot
2020,Forest,Yes,Lepidoptera,Leucania,Leucania ursula,ursula wainscot (moth)
2020,Forest,Yes,Lepidoptera,Leucania,Leucania ursula,Ursula Wainscot Moth
2021,Grassland,,Lepidoptera,Lycaena,Lycaena phlaeas,Copper butterfly
2021,Grassland,No,Lepidoptera,Lycaena,Lycaena phlaeas,Small copper
2019,Forest,Yes,Lepidoptera,Machimia,Machimia tentoriferella,Gold-striped Leaftier Moth
2020,Grassland,Yes,Lepidoptera,Macrochilo,Macrochilo orciferalis,Bronzy Macrochilo Moth
2020,Grassland,Yes,Lepidoptera,Macrochilo,Macrochilo orciferalis,Chocolate fan-foot
2018,Grassland,No,Lepidoptera,Macrochilo,Macrochilo orciferalis,Litter Moth
2019,Grassland,Yes,Lepidoptera,Macrochilo,Macrochilo orciferalis,Moth
2018,Forest,Yes,Lepidoptera,Melanolophia,Melanolophia canadaria,moth
2020,Forest,Yes,Lepidoptera,Mesapamea,Mesapamea fractilinea,Dart Moth
2018,Forest,Yes,Lepidoptera,Metzneria,Metzneria lappella,Burdock Seedhead Moth
2021,Grassland,Yes,Lepidoptera,Mirificarma,Mirificarma maculatella,moth
2020,Forest,Yes,Lepidoptera,Mythimna,Mythimna unipuncta,Armyworm Moth
2020,Grassland,No,Lepidoptera,mythimna,mythimna unipuncta,armyworm moth
2021,Grassland,No,Lepidoptera,Mythimna,Mythimna unipuncta,Armyworm Moth
2019,Grassland,No,Lepidoptera,Mythimna,Mythimna unipuncta,Moth
2018,Urban,No,Lepidoptera,Mythimna,Mythimna unipuncta,True Armyworm Moth
2019,Grassland,Yes,Lepidoptera,NA,NA,moth
2019,Grassland,Yes,Lepidoptera,Nephelodes,Nephelodes minians,Bronze Cutworm
2018,Grassland,Yes,Lepidoptera,Nephelodes,Nephelodes minians,Bronze Cutworm Moth
2019,Forest,Yes,Lepidoptera,Nephelodes,Nephelodes minians,Bronzed Cutworm
2018,Forest,Yes,Lepidoptera,Nephelodes,Nephelodes minians,Bronzed cutworm moth
2019,Forest,Yes,Lepidoptera,Nephelodes,Nephelodes minians,Bronzed Cutworm Moth
2019,Forest,Yes,Lepidoptera,Nephelodes,Nephelodes minians,Bronzed cutworm moth
2018,Grassland,Yes,Lepidoptera,Nephelodes,Nephelodes minians,bronzed cutworm moth
2018,Grassland,Yes,Lepidoptera,Nephelodes,Nephelodes minians,Bronzed cutworm moth
2018,Grassland,Yes,Lepidoptera,Nephelodes,Nephelodes minians,Bronzed Cutworm Moth
2018,Grassland,Yes,Lepidoptera,Nephelodes,Nephelodes minians,Bronzed Cutworm moth
2018,Grassland,Yes,Lepidoptera,Nephelodes,Nephelodes minians,Bronzed cutworm moth
2018,Grassland,Yes,Lepidoptera,Nephelodes,Nephelodes minians,Bronzed Cutworm Moth
2018,Grassland,Yes,Lepidoptera,Nephelodes,Nephelodes minians,Bronzed Cutworm Moth
2019,Grassland,Yes,Lepidoptera,Nephelodes,Nephelodes minians,Bronzed cutworm moth
2019,Grassland,Yes,Lepidoptera,Nephelodes,Nephelodes minians,Bronzed cutworm moth
2019,Grassland,Yes,Lepidoptera,Nephelodes,Nephelodes minians,Bronzed cutworm moth
2019,Grassland,Yes,Lepidoptera,Nephelodes,Nephelodes minians,Bronzed Cutworm Moth
2019,Grassland,Yes,Lepidoptera,Nephelodes,Nephelodes minians,Bronzed cutworm moth
2019,Grassland,Yes,Lepidoptera,Nephelodes,Nephelodes minians,Bronzed Cutworm Moth
2019,Grassland,Yes,Lepidoptera,Nephelodes,Nephelodes minians,Bronzed Cutworm Moth
2019,Grassland,Yes,Lepidoptera,Nephelodes,Nephelodes minians,Bronzed Cutworm Moth
2019,Grassland,Yes,Lepidoptera,Nephelodes,Nephelodes minians,Bronzed Cutworm Moth
2019,Grassland,Yes,Lepidoptera,Nephelodes,Nephelodes minians,Bronzed cutworm moth
2019,Grassland,Yes,Lepidoptera,Nephelodes,Nephelodes minians,Bronzed Cutworth Moth
2018,Grassland,Yes,Lepidoptera,Nephelodes,Nephelodes minians,Moth
2019,Grassland,Yes,Lepidoptera,Nephelodes,Nephelodes minians,moth
2019,Grassland,Yes,Lepidoptera,Nephelodes,Nephelodes minians,moth
2019,Grassland,Yes,Lepidoptera,Nephelodes,Nephelodes minians,Moth
2019,Grassland,Yes,Lepidoptera,Nephelodes,Nephelodes minians,moths
2019,Grassland,Yes,Lepidoptera,Nephelodes,Nephelodes minians,shaded umber moth
2018,Forest,Yes,Lepidoptera,Orgyia,Orgyia leucostigma,White-marked tussock moth
2020,Forest,Yes,Lepidoptera,orthodes,orthodes majuscula,moth
2020,Grassland,Yes,Lepidoptera,Palpita,Palpita magniferalis,Moth
2020,Forest,Yes,Lepidoptera,Palthis,Palthis angulalis,Dark spotted palthis
2020,Forest,Yes,Lepidoptera,Palthis,Palthis angulalis,Dark-spotted palthis
2020,Forest,Yes,Lepidoptera,Palthis,Palthis angulalis,Dark-spotted Palthis Moth
2019,Urban,Yes,Lepidoptera,Parapediasia,Parapediasia teterrellus,Bluegrass Webworm Moth
2021,Urban,Yes,Lepidoptera,Parapediasia,Parapediasia teterrellus,Bluegrass Webworm Moth
2018,Grassland,Yes,Lepidoptera,Pediasia,Pediasia trisecta,greater sod webworm
2018,Urban,Yes,Lepidoptera,Pediasia,Pediasia trisecta,greater sod webworm
2020,Grassland,Yes,Lepidoptera,Phalaenostola,Phalaenostola larentioides,black-banded owlet
2020,Grassland,Yes,Lepidoptera,Phalaenostola,Phalaenostola larentioides,Black-banded owlet (moth)
2018,Grassland,Yes,Lepidoptera,Phalaenostola,Phalaenostola larentioides,Black-banded owlet moth
2020,Grassland,Yes,Lepidoptera,Phalaenostola,Phalaenostola larentioides,Black-banded Owlet Moth
2020,Urban,Yes,Lepidoptera,Phalaenostola,Phalaenostola larentioides,Black-Banded Owlet Moth
2019,Forest,Yes,Lepidoptera,Phalaenostola,Phalaenostola metonalis,Moth
2020,Grassland,Yes,Lepidoptera,Phalaenostola,Phalaenostola metonalis,tufted snout moth
2022,Urban,Yes,Lepidoptera,Phyciodes,Phyciodes Cocyta,Northern Crescent Butterfly
2020,Urban,NA,Lepidoptera,Pieridae,Pieridae,Butterfly
2022,Grassland,Yes,Lepidoptera,Pieris,Pieris rapae,Butterfly
2018,Urban,No,Lepidoptera,Pieris,Pieris rapae,butterfly
2018,Grassland,NA,Lepidoptera,Pieris,Pieris rapae,Cabbage White
2018,Grassland,No,Lepidoptera,Pieris,Pieris rapae,Cabbage White
2018,Urban,NA,Lepidoptera,Pieris,Pieris rapae,Cabbage White
2018,Urban,Yes,Lepidoptera,Pieris,Pieris rapae,Cabbage white
2019,Urban,No,Lepidoptera,Pieris,Pieris rapae,Cabbage White
2021,Urban,Yes,Lepidoptera,Pieris,Pieris rapae,Cabbage White
2021,Urban,No,Lepidoptera,Pieris,Pieris rapae,Cabbage White
2018,Grassland,No,Lepidoptera,Pieris,Pieris rapae,Cabbage white butterfly
2019,Grassland,No,Lepidoptera,Pieris,Pieris rapae,Cabbage White Butterfly
2018,Urban,No,Lepidoptera,Pieris,Pieris rapae,Cabbage White Butterfly
2018,Urban,No,Lepidoptera,Pieris,Pieris rapae,Cabbage White Butterfly
2018,Urban,No,Lepidoptera,Pieris,Pieris rapae,Cabbage White butterfly
2018,Urban,Yes,Lepidoptera,Pieris,Pieris rapae,Cabbage White Butterfly
2022,Urban,No,Lepidoptera,Pieris,Pieris rapae,Cabbage White Butterfly
2018,Grassland,NA,Lepidoptera,Pieris,Pieris rapae,small cabbage white
2018,Urban,No,Lepidoptera,Pieris,Pieris rapae,Small white or cabbage white butterfly
2020,Forest,Yes,Lepidoptera,Poanes,Poanes zabulon,Butterfly
2020,Forest,Yes,Lepidoptera,Poanes,Poanes zabulon,Zabulon skipper
2020,Forest,Yes,Lepidoptera,Poanes,Poanes zabulon,Zabulon Skipper
2020,Forest,Yes,Lepidoptera,Poanes,Poanes zabulon,Zabulon Skipper
2018,Grassland,Yes,Lepidoptera,Polites,Polites peckius,Peck's Skipper
2018,Grassland,Yes,Lepidoptera,Polites,Polites peckius,Peck's skipper
2020,Grassland,Yes,Lepidoptera,Polites,Polites peckius,Peck's Skipper
2018,NA,Yes,Lepidoptera,Polites,Polites peckius,Peck's skipper
2021,Grassland,Yes,Lepidoptera,Polites,Polites themistocles,Tawny-edged skipper
2021,Grassland,Yes,Lepidoptera,Polites,Polites themistocles,Tawny-edged skipper
2018,Forest,No,Lepidoptera,Polygrammodes,Polygrammodes hercules,Moth
2018,Urban,No,Lepidoptera,Polypogon,Polypogon obscuripennis,Dark Zanclognatha
2019,Urban,No,Lepidoptera,Polypogon,Polypogon obscuripennis,Litter Moth
2022,Grassland,Yes,Lepidoptera,Protoboarmia,Protoboarmia Porcelaria,Moth
2020,Forest,Yes,Lepidoptera,Protodeltote,Protodeltote muscosula,Large Mossy Lithacodia Moth
2020,Urban,Yes,Lepidoptera,Protodeltote,Protodeltote albidula,Owlet Moth
2021,Grassland,Yes,Lepidoptera,Protodeltote,Protodeltote albidula,pale glyph (moth)
2020,Urban,Yes,Lepidoptera,Protodeltote,Protodeltote albidula,Pale Glyph Moth
2022,Grassland,Yes,Lepidoptera,Protolampra,Protolampra brunneicollis,Brown-collared Dart
2019,Forest,Yes,Lepidoptera,Pseudohermonassa,Pseudohermonassa bicarnea,Pink Spotted Dark Moth
2019,Forest,Yes,Lepidoptera,Pseudohermonassa,Pseudohermonassa bicarnea,Pink Spotted dart moth
2021,Forest,Yes,Lepidoptera,Pseudohermonassa,Pseudohermonassa bicarnea,Pink Spotted Dart Moth
2021,Forest,Yes,Lepidoptera,Pseudohermonassa,Pseudohermonassa bicarnea,Pink Spotted Dart Moth
2021,Forest,Yes,Lepidoptera,Pseudohermonassa,Pseudohermonassa bicarnea,Pink Spotted Dart Moth
2021,Forest,Yes,Lepidoptera,Pseudohermonassa,Pseudohermonassa bicarnea,Pink Spotted Dart Moth
2021,Forest,Yes,Lepidoptera,Pseudohermonassa,Pseudohermonassa bicarnea,Pink Spotted Dart Moth
2021,Grassland,Yes,Lepidoptera,Pseudohermonassa,Pseudohermonassa bicarnea,Pink Spotted Dart Moth
2019,Forest,Yes,Lepidoptera,Pseudohermonassa,Pseudohermonassa bicarnea,pink-spotted dart
2019,Forest,Yes,Lepidoptera,Pseudohermonassa,Pseudohermonassa bicarnea,Pink-spotted dart
2022,Forest,Yes,Lepidoptera,Pseudohermonassa,Pseudohermonassa bicarnea,pink-spotted dart
2018,Grassland,Yes,Lepidoptera,Pseudohermonassa,Pseudohermonassa bicarnea,Pink-Spotted Dart
2018,Forest,Yes,Lepidoptera,Pseudohermonassa,Pseudohermonassa bicarnea,Pink-spotted Dart (Moth)
2022,Forest,Yes,Lepidoptera,Pseudohermonassa,Pseudohermonassa bicarnea,Pink-spotted Dart Moth
2022,Forest,Yes,Lepidoptera,Pseudohermonassa,Pseudohermonassa bicarnea,Pink-Spotted Dart Moth
2022,Forest,Yes,Lepidoptera,Pseudohermonassa,Pseudohermonassa bicarnea,Pink-spotted dart moth
2020,Forest,Yes,Lepidoptera,Pseudorthodes,Pseudorthodes vecors,Small brown quaker moth
2018,Urban,Yes,Lepidoptera,Psyche,Psyche casta,Bagworm moth
2018,Urban,Yes,Lepidoptera,Rachiplusia,Rachiplusia ou,Gray looper moth
2018,Urban,Yes,Lepidoptera,Rachiplusia,Rachiplusia ou,gray looper moth
2018,Urban,Yes,Lepidoptera,Rachiplusia,Rachiplusia,Moth
2018,Urban,Yes,Lepidoptera,Rachiplusia,Rachiplusia ou,Moth
2018,Grassland,Yes,Lepidoptera,Rhodostrophia,Rhodostrophia jacularia,butterfly
2018,Grassland,Yes,Lepidoptera,Sparganothis,Sparganothis reticulatana,Long-palped tortrix
2020,Grassland,Yes,Lepidoptera,Sparganothis,Sparganothis sulfureana,Moth
2018,Grassland,No,Lepidoptera,Spodoptera,Spodoptera sp. aff. frugiperda,Fall armyworm
2021,Urban,No,Lepidoptera,Spodoptera,Spodoptera frugiperda,Fall Armyworm
2021,Urban,Yes,Lepidoptera,Tetanolita,Tetanolita mynesalis,Smoky Tetanolita
2018,Forest,Yes,Lepidoptera,Udea,Udea rubigalis,Celery Leaftier
2019,Urban,Yes,Lepidoptera,Udea,Udea rubigalis,Celery Leaftier
2018,Grassland,Yes,Lepidoptera,Xanthorhoe,Xanthorhoe ferrugata,Dark-barred twin-spot carpet
2019,Forest,Yes,Lepidoptera,Xestia,Xestia smithii,Smith's Dart Moth
2019,Grassland,Yes,Lepidoptera,Xestia,Xestia smithii,Smith's Dart Moth
2019,Forest,Yes,Lepidoptera,Xestia,Xestia smithii,Smiths Dart
2018,Forest,Yes,Lepidoptera,Zale,Zale galbanata,Maple Zale Moth
2022,Forest,Yes,Lepidoptera,Zanclognatha,Zanclognatha pedipilalis,grayish zanclognatha
2019,Grassland,Yes,Mantodea,Mantis,Mantis religiosa,European Mantis
2019,Grassland,No,Mantodea,Mantis,Mantis religiosa,Praying Mantis
2019,Grassland,Yes,Mantodea,Mantis,Mantis religiosa,Praying Mantis
2021,Grassland,No,Mantodea,Mantis,Mantis religiosa,Praying Mantis
2019,Urban,Yes,Mantodea,Mantis,Mantis religiosa,Praying mantis
2022,Grassland,No,Mantodea,Tenodera,Tenodera sinensis,Chinese praying mantis
2020,Forest,Yes,Mecoptera,Bittacidae,Bittacidae,Hanging Fly
2020,Forest,Yes,Mecoptera,Bittacidae,Bittacidae,Hanging Fly
2022,Forest,Yes,Mecoptera,Bittacidae,Bittacidae sp.,Hanging fly
2020,Urban,Yes,Mecoptera,Bittacidae,Bittacidae,Hanging Fly
2020,Forest,Yes,Mecoptera,Bittacidae,Bittacidae,Hangingfly
2021,Forest,Yes,Mecoptera,Bittacidae,Bittacidae sp.,Hangingfly
2022,Forest,Yes,Mecoptera,Bittacidae,Bittacidae sp.,Hangingfly
2020,Grassland,Yes,Mecoptera,Bittacidae,Bittacidae,Hangingfly
2020,Urban,Yes,Mecoptera,Bittacidae,Bittacidae,Hangingfly
2020,Forest,Yes,Mecoptera,Bittacidae,Bittacidae,Scorpionfly
2020,Forest,Yes,Mecoptera,Bittacidae,Bittacidae,Scorpionfly
2020,Forest,Yes,Mecoptera,Bittacus,Bittacus pilicornis,hairy-horned scorpionfly
2020,Forest,Yes,Mecoptera,Bittacus,Bittacus pilicornis,Hairy-horned Scorpionfly (if it is Bittacus Pilicornis)
2020,Forest,Yes,Mecoptera,Bittacus,Bittacus pilicornis,Hangingfly
2019,Forest,Yes,Mecoptera,Dicerapanorpa,Dicerapanorpa magna,Scorpionfly
2019,Forest,Yes,Mecoptera,Dicerapanorpa,Dicerapanorpa magna,Scorpionfly
2019,Forest,Yes,Mecoptera,Dicerapanorpa,Dicerapanorpa magna,Scorpionfly
2019,Forest,Yes,Mecoptera,Dicerapanorpa,Dicerapanorpa stotzneri,Scorpionfly
2019,Forest,Yes,Mecoptera,Dicerapanorpa,Dicerapanorpa stotzneri,Scorpionfly
2018,Grassland,No,Mecoptera,NA,NA,Scorpion Fly
2018,Forest,No,Mecoptera,Neopanorpa,Neopanorpa lindsleyi,Scorpionfly
2019,Forest,Yes,Mecoptera,Panorpa,Panorpa debilis,Common Scorpionfly
2021,Forest,No,Mecoptera,Panorpa,Panorpa debilis,Common Scorpionfly
2022,Forest,No,Mecoptera,Panorpa,Panorpa debilis,common scorpionfly
2018,Forest,No,Mecoptera,Panorpa,Panorpa communis,Scorpionfly
2021,Forest,No,Mecoptera,Panorpa,Panorpa debilis,Scorpionfly
2020,Urban,No,Mecoptera,Panorpa,Panorpa Dicerapanorpa,Scorpionfly
2018,Forest,No,Mecoptera,Panorpidae,Panorpidae,Scorpionfly
2022,Forest,Yes,Neuroptera,Chrysoperla,Chrysoperla rufilabris,Green lacewing
2022,Grassland,Yes,Odonata,Enallagma,Enallagma Cyathigerum,Blue Damselfly
2022,Grassland,Yes,Odonata,Enallagma,Enallagma Civile,Bluet Damselfly
2022,Grassland,Yes,Odonata,Enallagma,Enallagma sp.,bluets
2022,Grassland,Yes,Odonata,Enallagma,Enallagma basidens,Damselfly
2022,Grassland,Yes,Odonata,Enallagma,Enallagma,Damselfly
2021,Grassland,Yes,Odonata,Enallagma,Enallagma basidens,Double-striped bluet
2020,Grassland,Yes,Odonata,Enallagma,Enallagma civile,familiar bluet
2018,Urban,Yes,Odonata,Enallagma,Enallagma civile,familiar bluet
2018,Urban,Yes,Odonata,Ischnura,Ischnura,damselfly
2018,Urban,Yes,Odonata,Ischnura,Ischnura verticalis,Eastern Forktail Damselfly
2020,Grassland,Yes,Odonata,Ischnura,Ischnura,Forktails
2022,Urban,Yes,Odonata,Ischnura,Ischnura posita,Fragile Forktail
2019,Forest,Yes,Odonata,Neopanorpa,Neopanorpa dubis,Damselfly
2019,Forest,Yes,Odonata,Neopanorpa,Neopanorpa dubis,Damselfly
2022,Urban,Yes,Odonata,Odonata,Odonata zygoptera,Damselfly
2018,Forest,Yes,Orthoptera,Amblycorypha,Amblycorypha oblongifolia,Bush-Cricket
2018,Grassland,Yes,Orthoptera,Amblycorypha,Amblycorypha oblongifolia,Bush-cricket
2018,Forest,Yes,Orthoptera,Anaxipha,Anaxipha tinnulacita,Brown Cricket
2018,Forest,Yes,Orthoptera,Anaxipha,Anaxipha tinnulacita,chirping trig
2019,Forest,Yes,Orthoptera,Anaxipha,Anaxipha tinnulacita,Cricket
2019,Forest,Yes,Orthoptera,Anaxipha,Anaxipha tinnulacita,Fast tinkling trig
2018,Forest,Yes,Orthoptera,Anaxipha,Anaxipha tinnulacita,fast-tinkling trig
2021,Grassland,Yes,Orthoptera,Encoptolophus,Encoptolophus costalis,Western cloudy grasshopper
2022,Forest,Yes,Orthoptera,Hapithus,Hapithus agitator,Flightless bush cricket
2021,Forest,Yes,Orthoptera,Hapithus,Hapithus agitator,Restless bush cricket
2022,Forest,Yes,Orthoptera,Hapithus,Hapithus agitator,Restless bush cricket
2022,Forest,Yes,Orthoptera,Hapithus,Hapithus Agitator,Restless Bush Cricket
2019,Grassland,Yes,Orthoptera,Melanoplus,Melanoplus sanguinipes,grasshopper
2021,Grassland,Yes,Orthoptera,Melanoplus,Melanoplus,Grasshopper
2022,Grassland,Yes,Orthoptera,Melanoplus,Melanoplus sanguinipes,Grasshopper
2018,Grassland,NA,Orthoptera,Melanoplus,Melanoplus sanguinipes,Migratory Grasshopper
2019,Grassland,Yes,Orthoptera,Melanoplus,Melanoplus sanguinipes,migratory grasshopper
2019,Grassland,Yes,Orthoptera,Melanoplus,Melanoplus sanguinipes,Migratory Grasshopper
2021,Grassland,Yes,Orthoptera,Melanoplus,Melanoplus sanguinipes,migratory grasshopper
2021,Grassland,Yes,Orthoptera,Melanoplus,Melanoplus sanguinipes,migratory grasshopper
2021,Grassland,Yes,Orthoptera,Melanoplus,Melanoplus sanguinipes,migratory grasshopper
2022,Grassland,Yes,Orthoptera,Melanoplus,Melanoplus sanguinipes,Migratory grasshopper
2020,Urban,Yes,Orthoptera,Melanoplus,Melanoplus sanguinipes,Migratory Grasshopper
2018,Grassland,Yes,Orthoptera,Melanoplus,Melanoplus borealis,Northern Spur-throat Grasshopper
2022,Grassland,Yes,Orthoptera,Melanoplus,Melanoplus sp.,Short-horned grasshoppers
2018,Grassland,Yes,Orthoptera,Melanoplus,Melanoplus sanguinipes,Spur-Throated Grasshopper
2021,Grassland,Yes,Orthoptera,Melanoplus,Melanoplus sp.,Spur-throated grasshoppers
2021,Grassland,Yes,Orthoptera,Melanoplus,Melanoplus sp.,Spur-throated grasshoppers
2018,Grassland,No,Orthoptera,Neoconocephalus,Neoconocephalus palustris,Conehead (bush cricket)
2019,Grassland,No,Orthoptera,Neoconocephalus,Neoconocephalus palustris,Marsh Conehead
2022,Forest,Yes,Orthoptera,Neoconocephalus,Neoconocephalus robustus,Robust conehead
2022,Forest,Yes,Orthoptera,Orocharis,Orocharis Saltator,Cricket
2019,Forest,No,Orthoptera,Orocharis,Orocharis saltator,Jumping Bush Cricket
2020,Forest,No,Orthoptera,Orocharis,Orocharis saltator,Jumping Bush Cricket
2021,Forest,No,Orthoptera,Orocharis,Orocharis saltator,Jumping Bush Cricket
2022,Forest,No,Orthoptera,Orocharis,Orocharis Saltator,Jumping Bush Cricket
2021,Urban,Yes,Orthoptera,Phyllopalpus,Phyllopalpus pulchellus,Handsome Trig
2021,Urban,Yes,Orthoptera,Phyllopalpus,Phyllopalpus pulchellus,Handsome Trig
2022,Forest,Yes,Orthoptera,Scudderia,Scudderia furcata,fork-tailed bush katydid
2021,Grassland,Yes,Orthoptera,Syrbula,Syrbula montezuma,Short-horned Grasshopper
2021,Grassland,Yes,Orthoptera,Tettigoniidae,Tettigoniidae,Katydid
2022,Urban,Yes,Psocoptera,Cerastipsocus,Cerastipsocus venosus,Barklice
2018,Forest,Yes,Trichoptera,Hydropsyche,Hydropsyche phalerata,Net-spinning caddisfly
2018,Urban,Yes,Trichoptera,Hydroptila,Hydroptila waubesiana,Caddisfly
2022,Urban,Yes,Trichoptera,Hydroptila,Hydroptila spatulata,microcaddisflies